Workbook

Sheet Sheet1
B1: PO | C1: ARTICLE | D1: QTY ORDER | E1: MARKET | F1: CUSTOMER | G1: WAREHOUSE | H1: START IN FG | I1: PO# CLOSING DATE | J1: SI DATE | K1: TOTAL PAIRS | L1: TOTAL CTN | M1: NO. CTN
A2: =+B2&B2 -> 78650397865039 | B2: 7865039 | C2: M997H2HN-D | D2: 1092 | E2: UNITED KINGDOM | F2: DSV SOLUTIONS LTD | G2: Factory Outlet Stock (UZ) | H2: 46238 | K2: 216 | L2: =+COUNT(M2:FC2) -> 18 | M2: 31 | N2: 32 | O2: 36 | P2: 40 | Q2: 44 | R2: 46 | S2: 49 | T2: 50 | U2: 51 | V2: 56 | W2: 57 | X2: 58 | Y2: 64 | Z2: 65 | AA2: 66 | AB2: 70 | AC2: 71 | AD2: 78
A3: =+B3&B3 -> 78650467865046 | B3: 7865046 | C3: M997H2HN-D | D3: 4284 | E3: NETHERLANDS | F3: DSV VENLO | G3: Factory Outlet Stock (VZ) | H3: 46230 | K3: 168 | L3: =+COUNT(M3:FC3) -> 14 | M3: 199 | N3: 225 | O3: 259 | P3: 260 | Q3: 283 | R3: 285 | S3: 304 | T3: 306 | U3: 316 | V3: 317 | W3: 319 | X3: 333 | Y3: 342 | Z3: 343
A4: =+B4&B4 -> 78650477865047 | B4: 7865047 | C4: CM997HLP-D | D4: 3012 | E4: NETHERLANDS | F4: DSV VENLO | G4: Factory Outlet Stock (VZ) | H4: 46237 | K4: 288 | L4: =+COUNT(M4:FC4) -> 24 | M4: 47 | N4: 71 | O4: 72 | P4: 73 | Q4: 74 | R4: 79 | S4: 100 | T4: 101 | U4: 137 | V4: 138 | W4: 168 | X4: 169 | Y4: 170 | Z4: 172 | AA4: 194 | AB4: 195 | AC4: 196 | AD4: 197 | AE4: 198 | AF4: 199 | AG4: 200 | AH4: 216 | AI4: 231 | AJ4: 232
A5: =+B5&B5 -> 78661897866189 | B5: 7866189 | C5: GC574EVK-M | D5: 360 | E5: POLAND | F5: NEW BALANCE POLAND SP ZOO | G5: Direct Rotterdam (RTM) (DR) | H5: 46237 | K5: 318 | L5: =+COUNT(M5:FC5) -> 27 | M5: 2 | N5: 3 | O5: 4 | P5: 5 | Q5: 6 | R5: 7 | S5: 9 | T5: 10 | U5: 11 | V5: 12 | W5: 13 | X5: 14 | Y5: 15 | Z5: 16 | AA5: 17 | AB5: 18 | AC5: 19 | AD5: 20 | AE5: 21 | AF5: 22 | AG5: 23 | AH5: 25 | AI5: 26 | AJ5: 27 | AK5: 28 | AL5: 29 | AM5: 30
A6: =+B6&B6 -> 78662127866212 | B6: 7866212 | C6: GC574EVB-M | D6: 270 | E6: POLAND | F6: NEW BALANCE POLAND SP ZOO | G6: Direct Rotterdam (RTM) (DR) | H6: 46234 | I6: 46238 | J6: 46238 | K6: 234 | L6: =+COUNT(M6:FC6) -> 21 | M6: 1 | N6: 2 | O6: 3 | P6: 4 | Q6: 5 | R6: 6 | S6: 7 | T6: 8 | U6: 9 | V6: 11 | W6: 12 | X6: 13 | Y6: 15 | Z6: 16 | AA6: 17 | AB6: 19 | AC6: 20 | AD6: 21 | AE6: 22 | AF6: 23 | AG6: 24
A7: =+B7&B7 -> 78662257866225 | B7: 7866225 | C7: GC574EVG-M | D7: 234 | E7: POLAND | F7: NEW BALANCE POLAND SP ZOO | G7: Direct Rotterdam (RTM) (DR) | H7: 46237 | K7: 198 | L7: =+COUNT(M7:FC7) -> 18 | M7: 2 | N7: 4 | O7: 5 | P7: 6 | Q7: 7 | R7: 8 | S7: 9 | T7: 10 | U7: 11 | V7: 12 | W7: 13 | X7: 14 | Y7: 15 | Z7: 16 | AA7: 17 | AB7: 18 | AC7: 20 | AD7: 21
A8: =+B8&B8 -> 78662397866239 | B8: 7866239 | C8: GC574EVE-M | D8: 234 | E8: POLAND | F8: NEW BALANCE POLAND SP ZOO | G8: Direct Rotterdam (RTM) (DR) | H8: 46234 | K8: 72 | L8: =+COUNT(M8:FC8) -> 6 | M8: 2 | N8: 4 | O8: 6 | P8: 11 | Q8: 13 | R8: 16
A9: =+B9&B9 -> 78662437866243 | B9: 7866243 | C9: GC574EVW-M | D9: 144 | E9: POLAND | F9: NEW BALANCE POLAND SP ZOO | G9: Direct Rotterdam (RTM) (DR) | H9: 46237 | K9: 114 | L9: =+COUNT(M9:FC9) -> 10 | M9: 1 | N9: 2 | O9: 3 | P9: 4 | Q9: 6 | R9: 7 | S9: 8 | T9: 9 | U9: 11 | V9: 13
A10: =+B10&B10 -> 78662527866252 | B10: 7866252 | C10: PV574EVG-M | D10: 144 | E10: POLAND | F10: NEW BALANCE POLAND SP ZOO | G10: Direct Rotterdam (RTM) (DR) | H10: 46239 | K10: 24 | L10: =+COUNT(M10:FC10) -> 2 | M10: 6 | N10: 10
A11: =+B11&B11 -> 78664367866436 | B11: 7866436 | C11: GC9060GY-M | D11: 3570 | E11: ITALY | F11: NEW BALANCE ITALY SRL | G11: Direct Rotterdam (RTM) (DR) | H11: 46237 | K11: 36 | L11: =+COUNT(M11:FC11) -> 3 | M11: 4 | N11: 63 | O11: 105
A12: =+B12&B12 -> 78664417866441 | B12: 7866441 | C12: PV574EVB-M | D12: 276 | E12: NETHERLANDS | F12: DSV VENLO | G12: DSV Solutions Nederland (VW) | H12: 46232 | K12: 120 | L12: =+COUNT(M12:FC12) -> 10 | M12: 5 | N12: 7 | O12: 9 | P12: 11 | Q12: 12 | R12: 14 | S12: 16 | T12: 18 | U12: 19 | V12: 21
A13: =+B13&B13 -> 78664447866444 | B13: 7866444 | C13: GC574EVB-M | D13: 282 | E13: NETHERLANDS | F13: DSV VENLO | G13: DSV Solutions Nederland (VW) | H13: 46232 | I13: 46233 | J13: 46234 | K13: 252 | L13: =+COUNT(M13:FC13) -> 22 | M13: 1 | N13: 2 | O13: 3 | P13: 5 | Q13: 6 | R13: 7 | S13: 8 | T13: 9 | U13: 10 | V13: 11 | W13: 12 | X13: 13 | Y13: 14 | Z13: 15 | AA13: 16 | AB13: 17 | AC13: 18 | AD13: 20 | AE13: 21 | AF13: 22 | AG13: 23 | AH13: 25
A14: =+B14&B14 -> 78664507866450 | B14: 7866450 | C14: GC574EVG-M | D14: 1200 | E14: NETHERLANDS | F14: DSV VENLO | G14: DSV Solutions Nederland (VW) | H14: 46231 | K14: 336 | L14: =+COUNT(M14:FC14) -> 28 | M14: 1 | N14: 19 | O14: 21 | P14: 22 | Q14: 23 | R14: 25 | S14: 26 | T14: 27 | U14: 34 | V14: 38 | W14: 39 | X14: 40 | Y14: 41 | Z14: 42 | AA14: 52 | AB14: 53 | AC14: 54 | AD14: 56 | AE14: 62 | AF14: 63 | AG14: 76 | AH14: 77 | AI14: 78 | AJ14: 79 | AK14: 80 | AL14: 83 | AM14: 85 | AN14: 94
A15: =+B15&B15 -> 78666497866649 | B15: 7866649 | C15: PV574EVG-M | D15: 1200 | E15: NETHERLANDS | F15: DSV VENLO | G15: DSV Solutions Nederland (VW) | H15: 46232 | K15: 96 | L15: =+COUNT(M15:FC15) -> 8 | M15: 3 | N15: 14 | O15: 15 | P15: 53 | Q15: 69 | R15: 78 | S15: 81 | T15: 93
A16: =+B16&B16 -> 78666517866651 | B16: 7866651 | C16: GC574EVG-M | D16: 300 | E16: UNITED KINGDOM | F16: DSV SOLUTIONS LTD | G16: D S V Solutions Ltd (UW) | H16: 46233 | K16: 264 | L16: =+COUNT(M16:FC16) -> 23 | M16: 1 | N16: 2 | O16: 3 | P16: 4 | Q16: 5 | R16: 6 | S16: 8 | T16: 9 | U16: 10 | V16: 11 | W16: 12 | X16: 14 | Y16: 15 | Z16: 16 | AA16: 17 | AB16: 18 | AC16: 19 | AD16: 20 | AE16: 21 | AF16: 22 | AG16: 23 | AH16: 24 | AI16: 25
A17: =+B17&B17 -> 78666557866655 | B17: 7866655 | C17: P204L8K2-M | D17: 1278 | E17: NETHERLANDS | F17: DSV VENLO | G17: DSV Solutions Nederland (VW) | H17: 46237 | K17: 612 | L17: =+COUNT(M17:FC17) -> 51 | M17: 1 | N17: 2 | O17: 3 | P17: 4 | Q17: 5 | R17: 9 | S17: 10 | T17: 14 | U17: 15 | V17: 16 | W17: 17 | X17: 19 | Y17: 26 | Z17: 27 | AA17: 28 | AB17: 31 | AC17: 38 | AD17: 39 | AE17: 40 | AF17: 45 | AG17: 46 | AH17: 47 | AI17: 48 | AJ17: 49 | AK17: 55 | AL17: 57 | AM17: 58 | AN17: 59 | AO17: 62 | AP17: 66 | AQ17: 67 | AR17: 68 | AS17: 69 | AT17: 70 | AU17: 73 | AV17: 75 | AW17: 76 | AX17: 77 | AY17: 78 | AZ17: 84 | BA17: 85 | BB17: 86 | BC17: 87 | BD17: 88 | BE17: 89 | BF17: 90 | BG17: 95 | BH17: 97 | BI17: 98 | BJ17: 99 | BK17: 100
A18: =+B18&B18 -> 78666617866661 | B18: 7866661 | C18: P204L9VE-M | D18: 1218 | E18: NETHERLANDS | F18: DSV VENLO | G18: DSV Solutions Nederland (VW) | H18: 46238 | K18: 144 | L18: =+COUNT(M18:FC18) -> 12 | M18: 1 | N18: 2 | O18: 9 | P18: 13 | Q18: 22 | R18: 30 | S18: 36 | T18: 43 | U18: 58 | V18: 69 | W18: 77 | X18: 78
A19: =+B19&B19 -> 78667827866782 | B19: 7866782 | C19: PV574EVE-M | D19: 276 | E19: NETHERLANDS | F19: DSV VENLO | G19: DSV Solutions Nederland (VW) | H19: 46233 | K19: 78 | L19: =+COUNT(M19:FC19) -> 7 | M19: 1 | N19: 3 | O19: 12 | P19: 15 | Q19: 16 | R19: 20 | S19: 22
A20: =+B20&B20 -> 78667967866796 | B20: 7866796 | C20: PV574EVG-M | D20: 288 | E20: UNITED KINGDOM | F20: DSV SOLUTIONS LTD | G20: D S V Solutions Ltd (UW) | H20: 46234 | K20: 48 | L20: =+COUNT(M20:FC20) -> 4 | M20: 5 | N20: 10 | O20: 18 | P20: 21
A21: =+B21&B21 -> 78668027866802 | B21: 7866802 | C21: P204L8K2-M | D21: 288 | E21: UNITED KINGDOM | F21: DSV SOLUTIONS LTD | G21: D S V Solutions Ltd (UW) | H21: 46226 | I21: 46226 | J21: 46227 | K21: 288 | L21: =+COUNT(M21:FC21) -> 26 | M21: 1 | N21: 2 | O21: 3 | P21: 4 | Q21: 5 | R21: 6 | S21: 7 | T21: 8 | U21: 9 | V21: 10 | W21: 11 | X21: 12 | Y21: 13 | Z21: 14 | AA21: 15 | AB21: 16 | AC21: 17 | AD21: 18 | AE21: 19 | AF21: 20 | AG21: 21 | AH21: 22 | AI21: 23 | AJ21: 24 | AK21: 25 | AL21: 26
A22: =+B22&B22 -> 78668147866814 | B22: 7866814 | C22: P204L9VE-M | D22: 330 | E22: UNITED KINGDOM | F22: DSV SOLUTIONS LTD | G22: D S V Solutions Ltd (UW) | H22: 46226 | I22: 46227 | J22: 46227 | K22: 252 | L22: =+COUNT(M22:FC22) -> 23 | M22: 1 | N22: 2 | O22: 3 | P22: 4 | Q22: 5 | R22: 6 | S22: 8 | T22: 10 | U22: 12 | V22: 13 | W22: 15 | X22: 16 | Y22: 18 | Z22: 19 | AA22: 20 | AB22: 21 | AC22: 22 | AD22: 23 | AE22: 24 | AF22: 26 | AG22: 27 | AH22: 29 | AI22: 31
A23: =+B23&B23 -> 78668447866844 | B23: 7866844 | C23: GC574EVE-M | D23: 282 | E23: NETHERLANDS | F23: DSV VENLO | G23: DSV Solutions Nederland (VW) | H23: 46232 | I23: 46237 | J23: 46237 | K23: 168 | L23: =+COUNT(M23:FC23) -> 15 | M23: 1 | N23: 3 | O23: 4 | P23: 5 | Q23: 6 | R23: 7 | S23: 9 | T23: 11 | U23: 12 | V23: 16 | W23: 17 | X23: 19 | Y23: 22 | Z23: 23 | AA23: 25
A24: =+B24&B24 -> 78668507866850 | B24: 7866850 | C24: GC574EVW-M | D24: 282 | E24: NETHERLANDS | F24: DSV VENLO | G24: DSV Solutions Nederland (VW) | H24: 46233 | K24: 228 | L24: =+COUNT(M24:FC24) -> 20 | M24: 3 | N24: 4 | O24: 6 | P24: 7 | Q24: 8 | R24: 9 | S24: 10 | T24: 11 | U24: 12 | V24: 13 | W24: 14 | X24: 15 | Y24: 16 | Z24: 17 | AA24: 18 | AB24: 19 | AC24: 20 | AD24: 22 | AE24: 24 | AF24: 25
A25: =+B25&B25 -> 78674057867405 | B25: 7867405 | C25: PC9060BE-M | D25: 600 | E25: GERMANY | F25: ZALANDO | G25: DSV Solutions Nederland (VX) | H25: 46234 | I25: 46238 | J25: 46239 | K25: 150 | L25: =+COUNT(M25:FC25) -> 13 | M25: 4 | N25: 5 | O25: 9 | P25: 14 | Q25: 20 | R25: 25 | S25: 26 | T25: 34 | U25: 35 | V25: 41 | W25: 42 | X25: 43 | Y25: 49
A26: =+B26&B26 -> 78675327867532 | B26: 7867532 | C26: GC9060BE-M | D26: 498 | E26: GERMANY | F26: ZALANDO | G26: DSV Solutions Nederland (VX) | H26: 46238 | K26: 456 | L26: =+COUNT(M26:FC26) -> 40 | M26: 1 | N26: 2 | O26: 3 | P26: 4 | Q26: 5 | R26: 7 | S26: 8 | T26: 9 | U26: 10 | V26: 11 | W26: 13 | X26: 14 | Y26: 15 | Z26: 16 | AA26: 17 | AB26: 18 | AC26: 19 | AD26: 20 | AE26: 21 | AF26: 23 | AG26: 24 | AH26: 25 | AI26: 26 | AJ26: 27 | AK26: 28 | AL26: 29 | AM26: 30 | AN26: 31 | AO26: 32 | AP26: 33 | AQ26: 34 | AR26: 35 | AS26: 36 | AT26: 37 | AU26: 38 | AV26: 39 | AW26: 40 | AX26: 41 | AY26: 42 | AZ26: 43
A27: =+B27&B27 -> 78675427867542 | B27: 7867542 | C27: GC9060GY-M | D27: 498 | E27: GERMANY | F27: ZALANDO | G27: DSV Solutions Nederland (VX) | H27: 46237 | K27: 192 | L27: =+COUNT(M27:FC27) -> 16 | M27: 4 | N27: 5 | O27: 7 | P27: 8 | Q27: 13 | R27: 15 | S27: 16 | T27: 17 | U27: 18 | V27: 24 | W27: 26 | X27: 28 | Y27: 29 | Z27: 34 | AA27: 35 | AB27: 36
A28: =+B28&B28 -> 78679347867934 | B28: 7867934 | C28: GC9060GY-M | D28: 618 | E28: NETHERLANDS | F28: DSV VENLO | G28: DSV Solutions Nederland (VF) | H28: 46237 | K28: 456 | L28: =+COUNT(M28:FC28) -> 38 | M28: 1 | N28: 2 | O28: 3 | P28: 4 | Q28: 5 | R28: 6 | S28: 8 | T28: 9 | U28: 10 | V28: 11 | W28: 12 | X28: 13 | Y28: 14 | Z28: 16 | AA28: 17 | AB28: 18 | AC28: 19 | AD28: 20 | AE28: 23 | AF28: 24 | AG28: 25 | AH28: 26 | AI28: 27 | AJ28: 28 | AK28: 29 | AL28: 30 | AM28: 33 | AN28: 35 | AO28: 36 | AP28: 37 | AQ28: 38 | AR28: 41 | AS28: 42 | AT28: 43 | AU28: 46 | AV28: 47 | AW28: 48 | AX28: 49
A29: =+B29&B29 -> 78683147868314 | B29: 7868314 | C29: GC9060BE-M | D29: 150 | E29: NETHERLANDS | F29: DSV VENLO | G29: DSV Solutions Nederland (VF) | H29: 46238 | I29: 46238 | J29: 46239 | K29: 150 | L29: =+COUNT(M29:FC29) -> 13 | M29: 1 | N29: 2 | O29: 3 | P29: 4 | Q29: 5 | R29: 6 | S29: 7 | T29: 8 | U29: 9 | V29: 10 | W29: 11 | X29: 12 | Y29: 13
A30: =+B30&B30 -> 78684847868484 | B30: 7868484 | C30: P60394T-M | D30: 924 | E30: NETHERLANDS | F30: DSV VENLO | G30: DSV Solutions Nederland (VF) | H30: 46238 | K30: 588 | L30: =+COUNT(M30:FC30) -> 49 | M30: 1 | N30: 2 | O30: 3 | P30: 4 | Q30: 6 | R30: 9 | S30: 10 | T30: 11 | U30: 12 | V30: 14 | W30: 17 | X30: 18 | Y30: 19 | Z30: 20 | AA30: 21 | AB30: 26 | AC30: 27 | AD30: 28 | AE30: 29 | AF30: 31 | AG30: 33 | AH30: 35 | AI30: 36 | AJ30: 37 | AK30: 38 | AL30: 39 | AM30: 43 | AN30: 45 | AO30: 46 | AP30: 47 | AQ30: 48 | AR30: 50 | AS30: 51 | AT30: 55 | AU30: 56 | AV30: 57 | AW30: 58 | AX30: 59 | AY30: 60 | AZ30: 61 | BA30: 63 | BB30: 66 | BC30: 67 | BD30: 68 | BE30: 69 | BF30: 70 | BG30: 71 | BH30: 72 | BI30: 73
A31: =+B31&B31 -> 78685117868511 | B31: 7868511 | C31: PC9060BE-M | D31: 156 | E31: NETHERLANDS | F31: DSV VENLO | G31: DSV Solutions Nederland (VF) | H31: 46234 | I31: 46238 | J31: 46238 | K31: 102 | L31: =+COUNT(M31:FC31) -> 9 | M31: 1 | N31: 3 | O31: 4 | P31: 7 | Q31: 8 | R31: 9 | S31: 10 | T31: 12 | U31: 14
A32: =+B32&B32 -> 78687077868707 | B32: 7868707 | C32: P60399V-M | D32: 1890 | E32: NETHERLANDS | F32: DSV VENLO | G32: DSV Solutions Nederland (VF) | H32: 46239 | K32: 324 | L32: =+COUNT(M32:FC32) -> 27 | M32: 1 | N32: 19 | O32: 20 | P32: 21 | Q32: 37 | R32: 39 | S32: 40 | T32: 56 | U32: 57 | V32: 58 | W32: 59 | X32: 63 | Y32: 73 | Z32: 91 | AA32: 92 | AB32: 94 | AC32: 95 | AD32: 109 | AE32: 110 | AF32: 117 | AG32: 118 | AH32: 123 | AI32: 134 | AJ32: 135 | AK32: 136 | AL32: 137 | AM32: 138
A33: =+B33&B33 -> 78689857868985 | B33: 7868985 | C33: G5749HD-M | D33: 516 | E33: NETHERLANDS | F33: DSV VENLO | G33: DSV Solutions Nederland (VF) | H33: 46233 | K33: 48 | L33: =+COUNT(M33:FC33) -> 4 | M33: 1 | N33: 11 | O33: 15 | P33: 21
A34: =+B34&B34 -> 78689867868986 | B34: 7868986 | C34: G5749UK-M | D34: 528 | E34: NETHERLANDS | F34: DSV VENLO | G34: DSV Solutions Nederland (VF) | H34: 46232 | K34: 132 | L34: =+COUNT(M34:FC34) -> 11 | M34: 9 | N34: 11 | O34: 12 | P34: 13 | Q34: 14 | R34: 23 | S34: 24 | T34: 25 | U34: 31 | V34: 32 | W34: 33
A35: =+B35&B35 -> 78746617874661 | B35: 7874661 | C35: WL515SB3-B | D35: 456 | E35: NETHERLANDS | F35: OTTO GROUP | G35: DSV Solutions Nederland (VX) | H35: 46238 | K35: 216 | L35: =+COUNT(M35:FC35) -> 36 | M35: 7 | N35: 8 | O35: 12 | P35: 13 | Q35: 14 | R35: 17 | S35: 18 | T35: 19 | U35: 23 | V35: 24 | W35: 25 | X35: 26 | Y35: 27 | Z35: 28 | AA35: 29 | AB35: 30 | AC35: 31 | AD35: 32 | AE35: 33 | AF35: 40 | AG35: 41 | AH35: 42 | AI35: 43 | AJ35: 44 | AK35: 45 | AL35: 46 | AM35: 47 | AN35: 48 | AO35: 56 | AP35: 57 | AQ35: 58 | AR35: 59 | AS35: 60 | AT35: 61 | AU35: 62 | AV35: 63
A36: =+B36&B36 -> 78786917878691 | B36: 7878691 | C36: WL515SB3-B | D36: 1926 | E36: NETHERLANDS | F36: DSV VENLO | G36: DSV Solutions Nederland (VF) | H36: 46239 | K36: 756 | L36: =+COUNT(M36:FC36) -> 63 | M36: 1 | N36: 2 | O36: 3 | P36: 7 | Q36: 8 | R36: 9 | S36: 10 | T36: 21 | U36: 22 | V36: 25 | W36: 26 | X36: 27 | Y36: 28 | Z36: 29 | AA36: 30 | AB36: 31 | AC36: 32 | AD36: 33 | AE36: 34 | AF36: 35 | AG36: 56 | AH36: 57 | AI36: 58 | AJ36: 59 | AK36: 60 | AL36: 61 | AM36: 62 | AN36: 63 | AO36: 64 | AP36: 65 | AQ36: 66 | AR36: 67 | AS36: 90 | AT36: 91 | AU36: 92 | AV36: 93 | AW36: 94 | AX36: 95 | AY36: 96 | AZ36: 97 | BA36: 98 | BB36: 124 | BC36: 125 | BD36: 126 | BE36: 127 | BF36: 128 | BG36: 129 | BH36: 130 | BI36: 131 | BJ36: 132 | BK36: 133 | BL36: 134 | BM36: 135 | BN36: 136 | BO36: 137 | BP36: 138 | BQ36: 150 | BR36: 151 | BS36: 152 | BT36: 153 | BU36: 154 | BV36: 155 | BW36: 156
A37: =+B37&B37 -> C132937C132937 | B37: C132937 | C37: GC9060LL-M | D37: 810 | E37: Canada | F37: FOOTLOCKER CANADA (DIV 76) | G37: Directs Canada Virtual (94) | H37: 46226 | K37: 132 | L37: =+COUNT(M37:FC37) -> 11 | M37: 6 | N37: 9 | O37: 15 | P37: 16 | Q37: 23 | R37: 25 | S37: 31 | T37: 42 | U37: 43 | V37: 52 | W37: 53
A38: =+B38&B38 -> C132941C132941 | B38: C132941 | C38: GC9060GY-M | D38: 960 | E38: Canada | F38: FOOTLOCKER CANADA (DIV 76) | G38: Directs Canada Virtual (94) | H38: 46233 | K38: 300 | L38: =+COUNT(M38:FC38) -> 25 | M38: 16 | N38: 17 | O38: 18 | P38: 19 | Q38: 28 | R38: 29 | S38: 39 | T38: 40 | U38: 41 | V38: 42 | W38: 43 | X38: 44 | Y38: 45 | Z38: 53 | AA38: 54 | AB38: 55 | AC38: 56 | AD38: 57 | AE38: 58 | AF38: 65 | AG38: 66 | AH38: 67 | AI38: 68 | AJ38: 69 | AK38: 70
A39: =+B39&B39 -> C132946C132946 | B39: C132946 | C39: G204L9HL-M | D39: 570 | E39: Canada | F39: New Balance Canada | G39: Concord, ON Canada (85) | H39: 46226 | I39: 46232 | J39: 46232 | K39: 300 | L39: =+COUNT(M39:FC39) -> 25 | M39: 1 | N39: 2 | O39: 3 | P39: 7 | Q39: 8 | R39: 9 | S39: 12 | T39: 13 | U39: 14 | V39: 15 | W39: 19 | X39: 20 | Y39: 25 | Z39: 26 | AA39: 27 | AB39: 30 | AC39: 32 | AD39: 35 | AE39: 36 | AF39: 37 | AG39: 38 | AH39: 39 | AI39: 41 | AJ39: 42 | AK39: 43
A40: =+B40&B40 -> H121187H121187 | B40: H121187 | C40: WL574EVG-B | D40: 210 | E40: United Arab Emirates | F40: NEW BALANCE UAE C/O | G40: DIRECT (1) | H40: 46217 | I40: 46238 | J40: 46238 | K40: 174 | L40: =+COUNT(M40:FC40) -> 15 | M40: 1 | N40: 2 | O40: 3 | P40: 4 | Q40: 6 | R40: 7 | S40: 8 | T40: 9 | U40: 10 | V40: 11 | W40: 12 | X40: 13 | Y40: 14 | Z40: 15 | AA40: 17
A41: =+B41&B41 -> H121199H121199 | B41: H121199 | C41: WL574EVW-B | D41: 210 | E41: United Arab Emirates | F41: NEW BALANCE UAE C/O | G41: DIRECT (1) | H41: 46216 | I41: 46221 | J41: 46223 | K41: 150 | L41: =+COUNT(M41:FC41) -> 13 | M41: 1 | N41: 2 | O41: 3 | P41: 4 | Q41: 6 | R41: 7 | S41: 8 | T41: 9 | U41: 11 | V41: 12 | W41: 13 | X41: 15 | Y41: 18
A42: =+B42&B42 -> H121213H121213 | B42: H121213 | C42: ML574EVW-D | D42: 210 | E42: United Arab Emirates | F42: NEW BALANCE UAE C/O | G42: DIRECT (1) | H42: 46216 | I42: 46220 | J42: 46220 | K42: 132 | L42: =+COUNT(M42:FC42) -> 11 | M42: 3 | N42: 5 | O42: 6 | P42: 8 | Q42: 9 | R42: 11 | S42: 13 | T42: 14 | U42: 15 | V42: 16 | W42: 17
A43: =+B43&B43 -> H122224H122224 | B43: H122224 | C43: WL574EVB-B | D43: 300 | E43: United Arab Emirates | F43: NEW BALANCE UAE C/O | G43: DIRECT (1) | H43: 46216 | I43: 46221 | J43: 46223 | K43: 144 | L43: =+COUNT(M43:FC43) -> 12 | M43: 1 | N43: 3 | O43: 4 | P43: 6 | Q43: 7 | R43: 8 | S43: 9 | T43: 10 | U43: 15 | V43: 16 | W43: 17 | X43: 21
A44: =+B44&B44 -> H122225H122225 | B44: H122225 | C44: WL574EVB-B | D44: 300 | E44: United Arab Emirates | F44: NEW BALANCE UAE C/O | G44: DIRECT (1) | H44: 46217 | I44: 46239 | J44: 46239 | K44: 216 | L44: =+COUNT(M44:FC44) -> 18 | M44: 1 | N44: 4 | O44: 5 | P44: 6 | Q44: 7 | R44: 8 | S44: 9 | T44: 10 | U44: 11 | V44: 13 | W44: 14 | X44: 15 | Y44: 17 | Z44: 18 | AA44: 19 | AB44: 20 | AC44: 22 | AD44: 23
A45: =+B45&B45 -> H133512H133512 | B45: H133512 | C45: WL574EVG-B | D45: 288 | E45: Philippines | F45: PLANET SPORTS INC. | G45: DIRECT (1) | H45: 46234 | K45: 192 | L45: =+COUNT(M45:FC45) -> 16 | M45: 1 | N45: 2 | O45: 3 | P45: 5 | Q45: 6 | R45: 7 | S45: 9 | T45: 10 | U45: 11 | V45: 13 | W45: 14 | X45: 15 | Y45: 17 | Z45: 18 | AA45: 22 | AB45: 23
A46: =+B46&B46 -> H133521H133521 | B46: H133521 | C46: GC574EVG-W | D46: 288 | E46: Philippines | F46: PLANET SPORTS INC. | G46: DIRECT (1) | H46: 46177 | I46: 46210 | J46: 46210 | K46: 72 | L46: =+COUNT(M46:FC46) -> 6 | M46: 3 | N46: 7 | O46: 8 | P46: 13 | Q46: 14 | R46: 15
A47: =+B47&B47 -> H139683H139683 | B47: H139683 | C47: PV574EVK-W | D47: 948 | E47: Japan | F47: NEW BALANCE JAPAN, INC. | G47: DIRECT (1) | H47: 46205 | I47: 46234 | J47: 46238 | K47: 144 | L47: =+COUNT(M47:FC47) -> 12 | M47: 1 | N47: 13 | O47: 33 | P47: 42 | Q47: 44 | R47: 46 | S47: 57 | T47: 58 | U47: 60 | V47: 69 | W47: 74 | X47: 75
A48: =+B48&B48 -> H147384H147384 | B48: H147384 | C48: P204L8BU-M | D48: 1620 | E48: Indonesia | F48: PT. MAP AKTIF ADIPERKASA, TBK-ID/ID | G48: L2L (4) | H48: 46219 | I48: 46225 | J48: 46226 | K48: 192 | L48: =+COUNT(M48:FC48) -> 16 | M48: 1 | N48: 8 | O48: 10 | P48: 13 | Q48: 22 | R48: 23 | S48: 29 | T48: 33 | U48: 37 | V48: 38 | W48: 40 | X48: 44 | Y48: 45 | Z48: 46 | AA48: 49 | AB48: 50
A49: =+B49&B49 -> H147386H147386 | B49: H147386 | C49: G204L7V9-M | D49: 1920 | E49: Indonesia | F49: PT. MAP AKTIF ADIPERKASA, TBK-ID/ID | G49: L2L (4) | H49: 46226 | I49: 46231 | J49: 46231 | K49: 192 | L49: =+COUNT(M49:FC49) -> 16 | M49: 82 | N49: 83 | O49: 84 | P49: 85 | Q49: 86 | R49: 87 | S49: 88 | T49: 89 | U49: 91 | V49: 92 | W49: 93 | X49: 94 | Y49: 95 | Z49: 96 | AA49: 99 | AB49: 100
A50: =+B50&B50 -> H147387H147387 | B50: H147387 | C50: G204L7V9-M | D50: 552 | E50: Indonesia | F50: PT. MAP AKTIF ADIPERKASA, TBK-ID/ID | G50: L2L (4) | H50: 46230 | I50: 46232 | J50: 46232 | K50: 288 | L50: =+COUNT(M50:FC50) -> 24 | M50: 2 | N50: 9 | O50: 10 | P50: 13 | Q50: 14 | R50: 15 | S50: 16 | T50: 17 | U50: 18 | V50: 19 | W50: 20 | X50: 21 | Y50: 22 | Z50: 23 | AA50: 24 | AB50: 25 | AC50: 26 | AD50: 27 | AE50: 28 | AF50: 29 | AG50: 33 | AH50: 34 | AI50: 36 | AJ50: 39
A51: =+B51&B51 -> H147410H147410 | B51: H147410 | C51: P204L8BU-M | D51: 210 | E51: Thailand | F51: MAP ACTIVE ADIPERKASA LTD | G51: DIRECT (1) | H51: 46238 | K51: 168 | L51: =+COUNT(M51:FC51) -> 15 | M51: 1 | N51: 2 | O51: 3 | P51: 4 | Q51: 8 | R51: 9 | S51: 10 | T51: 11 | U51: 12 | V51: 13 | W51: 14 | X51: 15 | Y51: 16 | Z51: 17 | AA51: 19
A52: =+B52&B52 -> H147412H147412 | B52: H147412 | C52: G204L7UQ-M | D52: 144 | E52: Australia | F52: NEW BALANCE C/O | G52: DIRECT (1) | H52: 46226 | I52: 46234 | J52: 46237 | K52: 12 | L52: =+COUNT(M52:FC52) -> 1 | M52: 10
A53: =+B53&B53 -> H147413H147413 | B53: H147413 | C53: P204L8BU-M | D53: 144 | E53: Australia | F53: NEW BALANCE C/O | G53: DIRECT (1) | H53: 46223 | I53: 46230 | J53: 46230 | K53: 120 | L53: =+COUNT(M53:FC53) -> 10 | M53: 1 | N53: 2 | O53: 3 | P53: 4 | Q53: 7 | R53: 8 | S53: 9 | T53: 10 | U53: 11 | V53: 12
A54: =+B54&B54 -> H147415H147415 | B54: H147415 | C54: G204L7V9-M | D54: 300 | E54: Thailand | F54: MAP ACTIVE ADIPERKASA LTD | G54: DIRECT (1) | H54: 46237 | I54: 46238 | J54: 46239 | K54: 96 | L54: =+COUNT(M54:FC54) -> 10 | M54: 4 | N54: 5 | O54: 7 | P54: 10 | Q54: 11 | R54: 21 | S54: 23 | T54: 24 | U54: 27 | V54: 28
A55: =+B55&B55 -> H147464H147464 | B55: H147464 | C55: P204L8BU-M | D55: 234 | E55: Singapore | F55: NEW BALANCE SINGAPORE PTE LTD C/O | G55: DIRECT (1) | H55: 46223 | I55: 46231 | J55: 46231 | K55: 120 | L55: =+COUNT(M55:FC55) -> 10 | M55: 1 | N55: 4 | O55: 5 | P55: 6 | Q55: 10 | R55: 13 | S55: 14 | T55: 15 | U55: 17 | V55: 18
A56: =+B56&B56 -> H147467H147467 | B56: H147467 | C56: P204L8BU-M | D56: 168 | E56: Malaysia | F56: NEW BALANCE ATHLETIC SHOES SDN BHD | G56: DIRECT (1) | H56: 46225 | I56: 46230 | J56: 46231 | K56: 60 | L56: =+COUNT(M56:FC56) -> 5 | M56: 2 | N56: 3 | O56: 8 | P56: 9 | Q56: 13
A57: =+B57&B57 -> H147469H147469 | B57: H147469 | C57: G204L7V9-M | D57: 216 | E57: Singapore | F57: NEW BALANCE SINGAPORE PTE LTD C/O | G57: DIRECT (1) | H57: 46231 | I57: 46231 | J57: 46232 | K57: 216 | L57: =+COUNT(M57:FC57) -> 20 | M57: 1 | N57: 2 | O57: 3 | P57: 4 | Q57: 5 | R57: 6 | S57: 7 | T57: 8 | U57: 9 | V57: 10 | W57: 11 | X57: 12 | Y57: 13 | Z57: 14 | AA57: 15 | AB57: 16 | AC57: 17 | AD57: 18 | AE57: 19 | AF57: 20
A58: =+B58&B58 -> H147482H147482 | B58: H147482 | C58: P204L8BU-M | D58: 156 | E58: Philippines | F58: PLANET SPORTS INC. | G58: DIRECT (1) | H58: 46224 | I58: 46234 | J58: 46234 | K58: 90 | L58: =+COUNT(M58:FC58) -> 8 | M58: 2 | N58: 5 | O58: 8 | P58: 9 | Q58: 10 | R58: 11 | S58: 12 | T58: 14
A59: =+B59&B59 -> H147499H147499 | B59: H147499 | C59: G204L7V9-M | D59: 864 | E59: Philippines | F59: PLANET SPORTS INC. | G59: DIRECT (1) | H59: 46231 | I59: 46238 | J59: 46238 | K59: 576 | L59: =+COUNT(M59:FC59) -> 48 | M59: 1 | N59: 2 | O59: 3 | P59: 5 | Q59: 6 | R59: 7 | S59: 8 | T59: 9 | U59: 10 | V59: 15 | W59: 16 | X59: 17 | Y59: 18 | Z59: 19 | AA59: 20 | AB59: 21 | AC59: 23 | AD59: 24 | AE59: 29 | AF59: 30 | AG59: 34 | AH59: 35 | AI59: 36 | AJ59: 38 | AK59: 39 | AL59: 40 | AM59: 41 | AN59: 42 | AO59: 43 | AP59: 44 | AQ59: 46 | AR59: 47 | AS59: 50 | AT59: 51 | AU59: 52 | AV59: 53 | AW59: 54 | AX59: 55 | AY59: 56 | AZ59: 57 | BA59: 58 | BB59: 59 | BC59: 60 | BD59: 61 | BE59: 62 | BF59: 63 | BG59: 64 | BH59: 65
A60: =+B60&B60 -> H147532H147532 | B60: H147532 | C60: G204L7UQ-M | D60: 156 | E60: Japan | F60: NEW BALANCE JAPAN, INC. | G60: DIRECT (1) | H60: 46217 | I60: 46220 | J60: 46224 | K60: 72 | L60: =+COUNT(M60:FC60) -> 6 | M60: 1 | N60: 4 | O60: 6 | P60: 9 | Q60: 11 | R60: 13
A61: =+B61&B61 -> H147535H147535 | B61: H147535 | C61: P204L8BU-M | D61: 1488 | E61: Japan | F61: NEW BALANCE JAPAN, INC. | G61: DIRECT (1) | H61: 46206 | I61: 46224 | J61: 46224 | K61: 696 | L61: =+COUNT(M61:FC61) -> 58 | M61: 9 | N61: 10 | O61: 12 | P61: 13 | Q61: 14 | R61: 16 | S61: 22 | T61: 23 | U61: 24 | V61: 26 | W61: 27 | X61: 29 | Y61: 30 | Z61: 31 | AA61: 32 | AB61: 33 | AC61: 41 | AD61: 42 | AE61: 43 | AF61: 44 | AG61: 45 | AH61: 46 | AI61: 53 | AJ61: 54 | AK61: 55 | AL61: 56 | AM61: 57 | AN61: 58 | AO61: 59 | AP61: 61 | AQ61: 63 | AR61: 70 | AS61: 71 | AT61: 72 | AU61: 73 | AV61: 74 | AW61: 77 | AX61: 80 | AY61: 81 | AZ61: 82 | BA61: 83 | BB61: 85 | BC61: 86 | BD61: 87 | BE61: 88 | BF61: 90 | BG61: 95 | BH61: 96 | BI61: 97 | BJ61: 98 | BK61: 99 | BL61: 101 | BM61: 103 | BN61: 117 | BO61: 118 | BP61: 119 | BQ61: 120 | BR61: 123
A62: =+B62&B62 -> H148317H148317 | B62: H148317 | C62: ML574EVW-D | D62: 504 | E62: Uruguay | F62: VANALIM S.A. | G62: DIRECT (1) | H62: 46213 | I62: 46238 | J62: 46238 | K62: 84 | L62: =+COUNT(M62:FC62) -> 14 | M62: 17 | N62: 20 | O62: 25 | P62: 29 | Q62: 30 | R62: 40 | S62: 48 | T62: 53 | U62: 56 | V62: 61 | W62: 62 | X62: 66 | Y62: 77 | Z62: 80
A63: =+B63&B63 -> H148442H148442 | B63: H148442 | C63: ML574EVW-D | D63: 1542 | E63: Japan | F63: NEW BALANCE JAPAN, INC. | G63: DIRECT (1) | H63: 46211 | I63: 46228 | J63: 46227 | K63: 168 | L63: =+COUNT(M63:FC63) -> 14 | M63: 23 | N63: 24 | O63: 64 | P63: 65 | Q63: 66 | R63: 67 | S63: 88 | T63: 89 | U63: 90 | V63: 91 | W63: 110 | X63: 111 | Y63: 112 | Z63: 113
A64: =+B64&B64 -> H148598H148598 | B64: H148598 | C64: G6037VE-M | D64: 504 | E64: Australia | F64: NEW BALANCE C/O | G64: DIRECT (1) | H64: 46218 | I64: 46225 | J64: 46226 | K64: 252 | L64: =+COUNT(M64:FC64) -> 21 | M64: 2 | N64: 3 | O64: 4 | P64: 5 | Q64: 6 | R64: 16 | S64: 17 | T64: 18 | U64: 19 | V64: 20 | W64: 21 | X64: 23 | Y64: 24 | Z64: 28 | AA64: 29 | AB64: 30 | AC64: 31 | AD64: 32 | AE64: 33 | AF64: 35 | AG64: 37
A65: =+B65&B65 -> H148600H148600 | B65: H148600 | C65: G6034EC-M | D65: 516 | E65: Australia | F65: NEW BALANCE C/O | G65: DIRECT (1) | H65: 46220 | I65: 46223 | J65: 46224 | K65: 480 | L65: =+COUNT(M65:FC65) -> 40 | M65: 1 | N65: 2 | O65: 3 | P65: 4 | Q65: 5 | R65: 6 | S65: 7 | T65: 8 | U65: 9 | V65: 11 | W65: 12 | X65: 13 | Y65: 14 | Z65: 15 | AA65: 16 | AB65: 17 | AC65: 18 | AD65: 19 | AE65: 20 | AF65: 21 | AG65: 22 | AH65: 23 | AI65: 24 | AJ65: 25 | AK65: 26 | AL65: 27 | AM65: 28 | AN65: 29 | AO65: 30 | AP65: 31 | AQ65: 32 | AR65: 33 | AS65: 34 | AT65: 36 | AU65: 37 | AV65: 38 | AW65: 39 | AX65: 40 | AY65: 42 | AZ65: 43
A66: =+B66&B66 -> H148601H148601 | B66: H148601 | C66: P6039J1-M | D66: 516 | E66: Australia | F66: NEW BALANCE C/O | G66: DIRECT (1) | H66: 46218 | I66: 46226 | J66: 46226 | K66: 252 | L66: =+COUNT(M66:FC66) -> 21 | M66: 5 | N66: 7 | O66: 8 | P66: 9 | Q66: 17 | R66: 19 | S66: 20 | T66: 21 | U66: 22 | V66: 23 | W66: 26 | X66: 27 | Y66: 28 | Z66: 29 | AA66: 30 | AB66: 31 | AC66: 32 | AD66: 34 | AE66: 35 | AF66: 36 | AG66: 37
A67: =+B67&B67 -> H148604H148604 | B67: H148604 | C67: P60368L-M | D67: 516 | E67: Australia | F67: NEW BALANCE C/O | G67: DIRECT (1) | H67: 46210 | I67: 46217 | J67: 46218 | K67: 180 | L67: =+COUNT(M67:FC67) -> 15 | M67: 6 | N67: 22 | O67: 23 | P67: 24 | Q67: 25 | R67: 26 | S67: 27 | T67: 33 | U67: 34 | V67: 35 | W67: 36 | X67: 37 | Y67: 38 | Z67: 39 | AA67: 40
A68: =+B68&B68 -> H148606H148606 | B68: H148606 | C68: I6039JD-M | D68: 504 | E68: Australia | F68: NEW BALANCE C/O | G68: DIRECT (1) | H68: 46239 | K68: 72 | L68: =+COUNT(M68:FC68) -> 6 | M68: 13 | N68: 14 | O68: 22 | P68: 24 | Q68: 26 | R68: 34
A69: =+B69&B69 -> H148607H148607 | B69: H148607 | C69: P60368L-M | D69: 210 | E69: Singapore | F69: NEW BALANCE SINGAPORE PTE LTD C/O | G69: DIRECT (1) | H69: 46206 | I69: 46217 | J69: 46217 | K69: 96 | L69: =+COUNT(M69:FC69) -> 8 | M69: 2 | N69: 3 | O69: 4 | P69: 5 | Q69: 10 | R69: 12 | S69: 14 | T69: 15
A70: =+B70&B70 -> H148616H148616 | B70: H148616 | C70: I6033EE-M | D70: 504 | E70: Australia | F70: NEW BALANCE C/O | G70: DIRECT (1) | H70: 46239 | K70: 120 | L70: =+COUNT(M70:FC70) -> 10 | M70: 5 | N70: 12 | O70: 14 | P70: 21 | Q70: 22 | R70: 32 | S70: 33 | T70: 34 | U70: 35 | V70: 36
A71: =+B71&B71 -> H148645H148645 | B71: H148645 | C71: P60394T-M | D71: 210 | E71: Singapore | F71: NEW BALANCE SINGAPORE PTE LTD C/O | G71: DIRECT (1) | H71: 46234 | I71: 46234 | J71: 46237 | K71: 210 | L71: =+COUNT(M71:FC71) -> 18 | M71: 1 | N71: 2 | O71: 3 | P71: 4 | Q71: 5 | R71: 6 | S71: 7 | T71: 8 | U71: 9 | V71: 10 | W71: 11 | X71: 12 | Y71: 13 | Z71: 14 | AA71: 15 | AB71: 16 | AC71: 17 | AD71: 18
A72: =+B72&B72 -> H148651H148651 | B72: H148651 | C72: I6039JD-M | D72: 54 | E72: Malaysia | F72: NEW BALANCE ATHLETIC SHOES SDN BHD | G72: DIRECT (1) | H72: 46239 | K72: 42 | L72: =+COUNT(M72:FC72) -> 5 | M72: 2 | N72: 3 | O72: 4 | P72: 5 | Q72: 6
A73: =+B73&B73 -> H148652H148652 | B73: H148652 | C73: I6039KY-M | D73: 54 | E73: Malaysia | F73: NEW BALANCE ATHLETIC SHOES SDN BHD | G73: DIRECT (1) | H73: 46237 | I73: 46238 | J73: 46239 | K73: 6 | L73: =+COUNT(M73:FC73) -> 1 | M73: 6
A74: =+B74&B74 -> H148661H148661 | B74: H148661 | C74: P60394T-M | D74: 90 | E74: Malaysia | F74: NEW BALANCE ATHLETIC SHOES SDN BHD | G74: DIRECT (1) | H74: 46226 | I74: 46227 | J74: 46227 | K74: 66 | L74: =+COUNT(M74:FC74) -> 6 | M74: 1 | N74: 2 | O74: 3 | P74: 4 | Q74: 5 | R74: 9
A75: =+B75&B75 -> H148678H148678 | B75: H148678 | C75: P6039J1-M | D75: 60 | E75: Singapore | F75: NEW BALANCE SINGAPORE PTE LTD C/O | G75: DIRECT (1) | H75: 46237 | I75: 46237 | J75: 46239 | K75: 60 | L75: =+COUNT(M75:FC75) -> 7 | M75: 1 | N75: 2 | O75: 3 | P75: 4 | Q75: 5 | R75: 6 | S75: 7
A76: =+B76&B76 -> H149183H149183 | B76: H149183 | C76: GC9060LL-W | D76: 1212 | E76: Japan | F76: NEW BALANCE JAPAN, INC. | G76: DIRECT (1) | H76: 46224 | J76: 46239 | K76: 204 | L76: =+COUNT(M76:FC76) -> 17 | M76: 1 | N76: 2 | O76: 3 | P76: 4 | Q76: 21 | R76: 22 | S76: 24 | T76: 39 | U76: 40 | V76: 41 | W76: 56 | X76: 57 | Y76: 58 | Z76: 72 | AA76: 73 | AB76: 75 | AC76: 87
A77: =+B77&B77 -> H149438H149438 | B77: H149438 | C77: I6039JD-W | D77: 2004 | E77: Korea, Republic Of | F77: ELAND WORLD LTD. | G77: DIRECT (1) | H77: 46224 | I77: 46237 | J77: 46237 | K77: 444 | L77: =+COUNT(M77:FC77) -> 37 | M77: 2 | N77: 20 | O77: 21 | P77: 22 | Q77: 23 | R77: 24 | S77: 25 | T77: 26 | U77: 27 | V77: 28 | W77: 30 | X77: 55 | Y77: 56 | Z77: 57 | AA77: 58 | AB77: 59 | AC77: 60 | AD77: 61 | AE77: 62 | AF77: 102 | AG77: 103 | AH77: 104 | AI77: 105 | AJ77: 106 | AK77: 107 | AL77: 108 | AM77: 109 | AN77: 110 | AO77: 111 | AP77: 112 | AQ77: 113 | AR77: 114 | AS77: 115 | AT77: 116 | AU77: 117 | AV77: 118 | AW77: 119
A78: =+B78&B78 -> H149443H149443 | B78: H149443 | C78: P6039J1-W | D78: 2502 | E78: Korea, Republic Of | F78: ELAND WORLD LTD. | G78: DIRECT (1) | H78: 46198 | I78: 46219 | J78: 46219 | K78: 516 | L78: =+COUNT(M78:FC78) -> 43 | M78: 1 | N78: 2 | O78: 3 | P78: 4 | Q78: 5 | R78: 6 | S78: 7 | T78: 8 | U78: 9 | V78: 25 | W78: 26 | X78: 28 | Y78: 31 | Z78: 58 | AA78: 59 | AB78: 60 | AC78: 61 | AD78: 62 | AE78: 63 | AF78: 64 | AG78: 97 | AH78: 98 | AI78: 99 | AJ78: 100 | AK78: 101 | AL78: 105 | AM78: 106 | AN78: 107 | AO78: 108 | AP78: 113 | AQ78: 114 | AR78: 146 | AS78: 147 | AT78: 148 | AU78: 149 | AV78: 152 | AW78: 153 | AX78: 154 | AY78: 155 | AZ78: 156 | BA78: 161 | BB78: 162 | BC78: 186
A79: =+B79&B79 -> H149445H149445 | B79: H149445 | C79: P60368L-W | D79: 3006 | E79: Korea, Republic Of | F79: ELAND WORLD LTD. | G79: DIRECT (1) | H79: 46202 | I79: 46219 | J79: 46219 | K79: 408 | L79: =+COUNT(M79:FC79) -> 34 | M79: 5 | N79: 21 | O79: 22 | P79: 23 | Q79: 76 | R79: 77 | S79: 78 | T79: 79 | U79: 80 | V79: 81 | W79: 82 | X79: 83 | Y79: 128 | Z79: 129 | AA79: 130 | AB79: 131 | AC79: 173 | AD79: 174 | AE79: 175 | AF79: 176 | AG79: 177 | AH79: 178 | AI79: 179 | AJ79: 180 | AK79: 181 | AL79: 182 | AM79: 208 | AN79: 209 | AO79: 210 | AP79: 211 | AQ79: 212 | AR79: 235 | AS79: 236 | AT79: 237
A80: =+B80&B80 -> H149446H149446 | B80: H149446 | C80: PV574EVW-W | D80: 1434 | E80: Taiwan | F80: NEW BALANCE TAIWAN, INC | G80: DIRECT (1) | H80: 46234 | K80: 204 | L80: =+COUNT(M80:FC80) -> 17 | M80: 1 | N80: 2 | O80: 3 | P80: 23 | Q80: 48 | R80: 49 | S80: 50 | T80: 51 | U80: 52 | V80: 54 | W80: 55 | X80: 56 | Y80: 77 | Z80: 78 | AA80: 79 | AB80: 80 | AC80: 103
A81: =+B81&B81 -> H149447H149447 | B81: H149447 | C81: I6033EE-W | D81: 1512 | E81: Korea, Republic Of | F81: ELAND WORLD LTD. | G81: DIRECT (1) | H81: 46224 | I81: 46238 | J81: 46238 | K81: 228 | L81: =+COUNT(M81:FC81) -> 19 | M81: 31 | N81: 32 | O81: 33 | P81: 34 | Q81: 35 | R81: 36 | S81: 37 | T81: 39 | U81: 41 | V81: 76 | W81: 77 | X81: 78 | Y81: 79 | Z81: 81 | AA81: 84 | AB81: 85 | AC81: 86 | AD81: 87 | AE81: 88
A82: =+B82&B82 -> H149452H149452 | B82: H149452 | C82: I6039KY-W | D82: 3000 | E82: Korea, Republic Of | F82: ELAND WORLD LTD. | G82: DIRECT (1) | H82: 46220 | I82: 46227 | J82: 46227 | K82: 768 | L82: =+COUNT(M82:FC82) -> 63 | M82: 1 | N82: 2 | O82: 3 | P82: 4 | Q82: 5 | R82: 6 | S82: 7 | T82: 8 | U82: 9 | V82: 10 | W82: 11 | X82: 12 | Y82: 13 | Z82: 53 | AA82: 54 | AB82: 55 | AC82: 56 | AD82: 57 | AE82: 59 | AF82: 60 | AG82: 61 | AH82: 62 | AI82: 63 | AJ82: 64 | AK82: 65 | AL82: 69 | AM82: 70 | AN82: 73 | AO82: 75 | AP82: 125 | AQ82: 126 | AR82: 127 | AS82: 128 | AT82: 129 | AU82: 130 | AV82: 131 | AW82: 132 | AX82: 134 | AY82: 135 | AZ82: 136 | BA82: 137 | BB82: 138 | BC82: 139 | BD82: 140 | BE82: 141 | BF82: 142 | BG82: 143 | BH82: 145 | BI82: 146 | BJ82: 195 | BK82: 196 | BL82: 197 | BM82: 198 | BN82: 199 | BO82: 200 | BP82: 201 | BQ82: 202 | BR82: 203 | BS82: 204 | BT82: 205 | BU82: 206 | BV82: 42849 | BW82: 208
A83: =+B83&B83 -> H149459H149459 | B83: H149459 | C83: P6036SS-W | D83: 3000 | E83: Korea, Republic Of | F83: ELAND WORLD LTD. | G83: DIRECT (1) | H83: 46206 | I83: 46223 | J83: 46226 | K83: 324 | L83: =+COUNT(M83:FC83) -> 27 | M83: 53 | N83: 54 | O83: 55 | P83: 56 | Q83: 57 | R83: 59 | S83: 95 | T83: 96 | U83: 97 | V83: 98 | W83: 99 | X83: 100 | Y83: 101 | Z83: 139 | AA83: 140 | AB83: 141 | AC83: 142 | AD83: 143 | AE83: 144 | AF83: 145 | AG83: 146 | AH83: 147 | AI83: 148 | AJ83: 188 | AK83: 189 | AL83: 190 | AM83: 192
A84: =+B84&B84 -> H149466H149466 | B84: H149466 | C84: P60394T-W | D84: 3996 | E84: Korea, Republic Of | F84: ELAND WORLD LTD. | G84: DIRECT (1) | H84: 46216 | I84: 46230 | J84: 46237 | K84: 120 | L84: =+COUNT(M84:FC84) -> 10 | M84: 3 | N84: 4 | O84: 85 | P84: 89 | Q84: 144 | R84: 147 | S84: 148 | T84: 206 | U84: 207 | V84: 304
A85: =+B85&B85 -> H149488H149488 | B85: H149488 | C85: I603457-W | D85: 1956 | E85: Korea, Republic Of | F85: ELAND WORLD LTD. | G85: DIRECT (1) | H85: 46219 | I85: 46231 | J85: 46231 | K85: 624 | L85: =+COUNT(M85:FC85) -> 52 | M85: 1 | N85: 2 | O85: 3 | P85: 4 | Q85: 16 | R85: 17 | S85: 18 | T85: 19 | U85: 20 | V85: 21 | W85: 22 | X85: 23 | Y85: 24 | Z85: 36 | AA85: 37 | AB85: 38 | AC85: 39 | AD85: 40 | AE85: 41 | AF85: 42 | AG85: 43 | AH85: 44 | AI85: 45 | AJ85: 46 | AK85: 47 | AL85: 48 | AM85: 77 | AN85: 78 | AO85: 79 | AP85: 80 | AQ85: 81 | AR85: 82 | AS85: 83 | AT85: 84 | AU85: 85 | AV85: 86 | AW85: 87 | AX85: 88 | AY85: 89 | AZ85: 90 | BA85: 91 | BB85: 92 | BC85: 93 | BD85: 94 | BE85: 95 | BF85: 96 | BG85: 97 | BH85: 98 | BI85: 100 | BJ85: 101 | BK85: 102 | BL85: 103
A86: =+B86&B86 -> H149489H149489 | B86: H149489 | C86: P204L7RF-M | D86: 582 | E86: Taiwan | F86: NEW BALANCE TAIWAN, INC | G86: DIRECT (1) | H86: 46217 | I86: 46219 | J86: 46219 | K86: 276 | L86: =+COUNT(M86:FC86) -> 23 | M86: 1 | N86: 2 | O86: 13 | P86: 14 | Q86: 15 | R86: 16 | S86: 17 | T86: 21 | U86: 22 | V86: 23 | W86: 24 | X86: 29 | Y86: 30 | Z86: 31 | AA86: 32 | AB86: 33 | AC86: 34 | AD86: 39 | AE86: 40 | AF86: 41 | AG86: 43 | AH86: 44 | AI86: 45
A87: =+B87&B87 -> H149497H149497 | B87: H149497 | C87: P204L8K2-M | D87: 792 | E87: Taiwan | F87: NEW BALANCE TAIWAN, INC | G87: DIRECT (1) | H87: 46216 | I87: 46218 | J87: 46219 | K87: 420 | L87: =+COUNT(M87:FC87) -> 35 | M87: 1 | N87: 2 | O87: 3 | P87: 4 | Q87: 6 | R87: 9 | S87: 10 | T87: 11 | U87: 12 | V87: 17 | W87: 18 | X87: 20 | Y87: 21 | Z87: 22 | AA87: 27 | AB87: 28 | AC87: 29 | AD87: 39 | AE87: 40 | AF87: 41 | AG87: 42 | AH87: 43 | AI87: 44 | AJ87: 45 | AK87: 52 | AL87: 53 | AM87: 54 | AN87: 55 | AO87: 56 | AP87: 57 | AQ87: 58 | AR87: 59 | AS87: 60 | AT87: 61 | AU87: 62
A88: =+B88&B88 -> H149505H149505 | B88: H149505 | C88: P60394T-W | D88: 660 | E88: Taiwan | F88: NEW BALANCE TAIWAN, INC | G88: DIRECT (1) | H88: 46232 | I88: 46237 | J88: 46237 | K88: 558 | L88: =+COUNT(M88:FC88) -> 47 | M88: 1 | N88: 2 | O88: 3 | P88: 4 | Q88: 5 | R88: 6 | S88: 7 | T88: 8 | U88: 9 | V88: 14 | W88: 15 | X88: 16 | Y88: 17 | Z88: 18 | AA88: 19 | AB88: 20 | AC88: 21 | AD88: 23 | AE88: 24 | AF88: 25 | AG88: 26 | AH88: 27 | AI88: 28 | AJ88: 29 | AK88: 31 | AL88: 32 | AM88: 33 | AN88: 34 | AO88: 36 | AP88: 37 | AQ88: 38 | AR88: 39 | AS88: 40 | AT88: 41 | AU88: 42 | AV88: 43 | AW88: 44 | AX88: 45 | AY88: 46 | AZ88: 47 | BA88: 49 | BB88: 50 | BC88: 51 | BD88: 52 | BE88: 53 | BF88: 54 | BG88: 55
A89: =+B89&B89 -> H149506H149506 | B89: H149506 | C89: P60368L-W | D89: 942 | E89: Taiwan | F89: NEW BALANCE TAIWAN, INC | G89: DIRECT (1) | H89: 46230 | I89: 46232 | J89: 46232 | K89: 132 | L89: =+COUNT(M89:FC89) -> 11 | M89: 3 | N89: 22 | O89: 24 | P89: 28 | Q89: 32 | R89: 33 | S89: 34 | T89: 46 | U89: 47 | V89: 62 | W89: 63
A90: =+B90&B90 -> H149507H149507 | B90: H149507 | C90: P6039J1-W | D90: 1404 | E90: Taiwan | F90: NEW BALANCE TAIWAN, INC | G90: DIRECT (1) | H90: 46230 | K90: 636 | L90: =+COUNT(M90:FC90) -> 53 | M90: 1 | N90: 2 | O90: 3 | P90: 4 | Q90: 5 | R90: 14 | S90: 15 | T90: 17 | U90: 18 | V90: 30 | W90: 31 | X90: 32 | Y90: 33 | Z90: 34 | AA90: 35 | AB90: 36 | AC90: 37 | AD90: 38 | AE90: 40 | AF90: 47 | AG90: 48 | AH90: 49 | AI90: 50 | AJ90: 51 | AK90: 52 | AL90: 56 | AM90: 68 | AN90: 69 | AO90: 70 | AP90: 71 | AQ90: 72 | AR90: 73 | AS90: 74 | AT90: 75 | AU90: 76 | AV90: 77 | AW90: 78 | AX90: 79 | AY90: 80 | AZ90: 82 | BA90: 83 | BB90: 92 | BC90: 93 | BD90: 94 | BE90: 95 | BF90: 96 | BG90: 97 | BH90: 98 | BI90: 100 | BJ90: 101 | BK90: 102 | BL90: 103 | BM90: 104
A91: =+B91&B91 -> H150346H150346 | B91: H150346 | C91: U204M1SA-D | D91: 504 | E91: India | F91: INDEV INFRA PRIVATE LIMITED | G91: DIRECT (1) | H91: 46176 | I91: 46181 | J91: 46196 | K91: 192 | L91: =+COUNT(M91:FC91) -> 16 | M91: 1 | N91: 2 | O91: 5 | P91: 12 | Q91: 13 | R91: 14 | S91: 16 | T91: 17 | U91: 21 | V91: 22 | W91: 23 | X91: 25 | Y91: 26 | Z91: 30 | AA91: 31 | AB91: 37
A92: =+B92&B92 -> H150347H150347 | B92: H150347 | C92: U204M2WG-D | D92: 504 | E92: India | F92: INDEV INFRA PRIVATE LIMITED | G92: DIRECT (1) | H92: 46178 | I92: 46183 | J92: 46184 | K92: 120 | L92: =+COUNT(M92:FC92) -> 10 | M92: 1 | N92: 2 | O92: 12 | P92: 13 | Q92: 14 | R92: 21 | S92: 24 | T92: 25 | U92: 26 | V92: 30
A93: =+B93&B93 -> H151487H151487 | B93: H151487 | C93: P60394T-M | D93: 246 | E93: Australia | F93: NEW BALANCE C/O | G93: DIRECT (1) | H93: 46232 | I93: 46237 | J93: 46237 | K93: 48 | L93: =+COUNT(M93:FC93) -> 4 | M93: 6 | N93: 10 | O93: 16 | P93: 17
A94: =+B94&B94 -> H151495H151495 | B94: H151495 | C94: G6037VE-M | D94: 210 | E94: Australia | F94: NEW BALANCE C/O | G94: DIRECT (1) | H94: 46231 | I94: 46237 | J94: 46237 | K94: 108 | L94: =+COUNT(M94:FC94) -> 10 | M94: 1 | N94: 2 | O94: 5 | P94: 6 | Q94: 10 | R94: 11 | S94: 14 | T94: 15 | U94: 17 | V94: 18
A95: =+B95&B95 -> H151497H151497 | B95: H151497 | C95: P60368L-M | D95: 216 | E95: Australia | F95: NEW BALANCE C/O | G95: DIRECT (1) | H95: 46231 | I95: 46232 | J95: 46232 | K95: 156 | L95: =+COUNT(M95:FC95) -> 14 | M95: 1 | N95: 2 | O95: 3 | P95: 4 | Q95: 5 | R95: 6 | S95: 8 | T95: 9 | U95: 11 | V95: 12 | W95: 14 | X95: 16 | Y95: 17 | Z95: 18
A96: =+B96&B96 -> H151500H151500 | B96: H151500 | C96: G6032Z2-M | D96: 186 | E96: Australia | F96: NEW BALANCE C/O | G96: DIRECT (1) | H96: 46232 | K96: 144 | L96: =+COUNT(M96:FC96) -> 12 | M96: 2 | N96: 3 | O96: 4 | P96: 5 | Q96: 7 | R96: 8 | S96: 9 | T96: 10 | U96: 11 | V96: 13 | W96: 14 | X96: 15
A97: =+B97&B97 -> H151507H151507 | B97: H151507 | C97: P6036SS-M | D97: 156 | E97: Australia | F97: NEW BALANCE C/O | G97: DIRECT (1) | H97: 46234 | I97: 46237 | J97: 46238 | K97: 96 | L97: =+COUNT(M97:FC97) -> 9 | M97: 2 | N97: 4 | O97: 6 | P97: 7 | Q97: 8 | R97: 9 | S97: 10 | T97: 13 | U97: 15
A98: =+B98&B98 -> H151647H151647 | B98: H151647 | C98: P60394T-W | D98: 870 | E98: China | F98: NEW BALANCE TRADING (CHINA) CO.,LTD | G98: DIRECT (1) | H98: 46239 | K98: 204 | L98: =+COUNT(M98:FC98) -> 17 | M98: 7 | N98: 13 | O98: 14 | P98: 22 | Q98: 23 | R98: 24 | S98: 27 | T98: 28 | U98: 29 | V98: 30 | W98: 31 | X98: 37 | Y98: 55 | Z98: 56 | AA98: 61 | AB98: 62 | AC98: 63
A99: =+B99&B99 -> H152783H152783 | B99: H152783 | C99: IZ997HJJ-W | D99: 1002 | E99: China | F99: NEW BALANCE TRADING (CHINA) CO.,LTD | G99: DIRECT (1) | H99: 46234 | K99: 360 | L99: =+COUNT(M99:FC99) -> 30 | M99: 5 | N99: 6 | O99: 7 | P99: 8 | Q99: 9 | R99: 10 | S99: 11 | T99: 12 | U99: 13 | V99: 19 | W99: 20 | X99: 21 | Y99: 22 | Z99: 23 | AA99: 24 | AB99: 26 | AC99: 27 | AD99: 28 | AE99: 29 | AF99: 43 | AG99: 44 | AH99: 45 | AI99: 46 | AJ99: 47 | AK99: 48 | AL99: 49 | AM99: 50 | AN99: 51 | AO99: 52 | AP99: 53
A100: =+B100&B100 -> H152786H152786 | B100: H152786 | C100: PZ997HPP-W | D100: 1008 | E100: China | F100: NEW BALANCE TRADING (CHINA) CO.,LTD | G100: DIRECT (1) | H100: 46233 | K100: 240 | L100: =+COUNT(M100:FC100) -> 20 | M100: 2 | N100: 3 | O100: 4 | P100: 5 | Q100: 13 | R100: 15 | S100: 16 | T100: 17 | U100: 24 | V100: 25 | W100: 26 | X100: 36 | Y100: 37 | Z100: 38 | AA100: 39 | AB100: 40 | AC100: 49 | AD100: 50 | AE100: 51 | AF100: 64
...

Sheet 090034 FG In Scan History
A1: =+D1&D1 -> POPO | B1: =+D1&C1 -> POARTICLE | C1: ARTICLE | D1: PO | E1: MARKET | F1: CUSTOMER | G1: WAREHOUSE | H1: QTY ORDER | I1: START IN FG | J1: PO# CLOSING DATE | K1: SI DATE | L1: SCAN TIME | M1: QTY IN | N1: NO. CTN
A2: =+D2&D2 -> 78668507866850 | B2: =+D2&C2 -> 7866850GC574EVW-M | C2: GC574EVW-M | D2: 7866850 | E2: NETHERLANDS | F2: DSV VENLO | G2: DSV Solutions Nederland (VW) | H2: 282 | I2: 46233 | J2: 46248 | K2: PASSED 08/14 | L2: 46233.416 | M2: 12 | N2: 6
A3: =+D3&D3 -> 78668507866850 | B3: =+D3&C3 -> 7866850GC574EVW-M | C3: GC574EVW-M | D3: 7866850 | E3: NETHERLANDS | F3: DSV VENLO | G3: DSV Solutions Nederland (VW) | H3: 282 | I3: 46233 | J3: 46248 | K3: PASSED 08/14 | L3: 46233.416 | M3: 12 | N3: 9
A4: =+D4&D4 -> 78668507866850 | B4: =+D4&C4 -> 7866850GC574EVW-M | C4: GC574EVW-M | D4: 7866850 | E4: NETHERLANDS | F4: DSV VENLO | G4: DSV Solutions Nederland (VW) | H4: 282 | I4: 46233 | J4: 46248 | K4: PASSED 08/14 | L4: 46233.416 | M4: 12 | N4: 15
A5: =+D5&D5 -> 78668507866850 | B5: =+D5&C5 -> 7866850GC574EVW-M | C5: GC574EVW-M | D5: 7866850 | E5: NETHERLANDS | F5: DSV VENLO | G5: DSV Solutions Nederland (VW) | H5: 282 | I5: 46233 | J5: 46248 | K5: PASSED 08/14 | L5: 46233.433 | M5: 12 | N5: 4
A6: =+D6&D6 -> 78668507866850 | B6: =+D6&C6 -> 7866850GC574EVW-M | C6: GC574EVW-M | D6: 7866850 | E6: NETHERLANDS | F6: DSV VENLO | G6: DSV Solutions Nederland (VW) | H6: 282 | I6: 46233 | J6: 46248 | K6: PASSED 08/14 | L6: 46233.434 | M6: 12 | N6: 12
A7: =+D7&D7 -> 78668507866850 | B7: =+D7&C7 -> 7866850GC574EVW-M | C7: GC574EVW-M | D7: 7866850 | E7: NETHERLANDS | F7: DSV VENLO | G7: DSV Solutions Nederland (VW) | H7: 282 | I7: 46233 | J7: 46248 | K7: PASSED 08/14 | L7: 46233.45 | M7: 12 | N7: 16
A8: =+D8&D8 -> 78668507866850 | B8: =+D8&C8 -> 7866850GC574EVW-M | C8: GC574EVW-M | D8: 7866850 | E8: NETHERLANDS | F8: DSV VENLO | G8: DSV Solutions Nederland (VW) | H8: 282 | I8: 46233 | J8: 46248 | K8: PASSED 08/14 | L8: 46233.451 | M8: 12 | N8: 10
A9: =+D9&D9 -> 78668507866850 | B9: =+D9&C9 -> 7866850GC574EVW-M | C9: GC574EVW-M | D9: 7866850 | E9: NETHERLANDS | F9: DSV VENLO | G9: DSV Solutions Nederland (VW) | H9: 282 | I9: 46233 | J9: 46248 | K9: PASSED 08/14 | L9: 46233.461 | M9: 12 | N9: 7
A10: =+D10&D10 -> 78668507866850 | B10: =+D10&C10 -> 7866850GC574EVW-M | C10: GC574EVW-M | D10: 7866850 | E10: NETHERLANDS | F10: DSV VENLO | G10: DSV Solutions Nederland (VW) | H10: 282 | I10: 46233 | J10: 46248 | K10: PASSED 08/14 | L10: 46233.461 | M10: 12 | N10: 18
A11: =+D11&D11 -> 78668507866850 | B11: =+D11&C11 -> 7866850GC574EVW-M | C11: GC574EVW-M | D11: 7866850 | E11: NETHERLANDS | F11: DSV VENLO | G11: DSV Solutions Nederland (VW) | H11: 282 | I11: 46233 | J11: 46248 | K11: PASSED 08/14 | L11: 46233.461 | M11: 12 | N11: 13
A12: =+D12&D12 -> 78668507866850 | B12: =+D12&C12 -> 7866850GC574EVW-M | C12: GC574EVW-M | D12: 7866850 | E12: NETHERLANDS | F12: DSV VENLO | G12: DSV Solutions Nederland (VW) | H12: 282 | I12: 46233 | J12: 46248 | K12: PASSED 08/14 | L12: 46233.462 | M12: 12 | N12: 17
A13: =+D13&D13 -> 78668507866850 | B13: =+D13&C13 -> 7866850GC574EVW-M | C13: GC574EVW-M | D13: 7866850 | E13: NETHERLANDS | F13: DSV VENLO | G13: DSV Solutions Nederland (VW) | H13: 282 | I13: 46233 | J13: 46248 | K13: PASSED 08/14 | L13: 46233.468 | M13: 12 | N13: 3
... A548: =+D548&D548 -> 78755567875556 | B548: =+D548&C548 -> 7875556M5742IX-D | C548: M5742IX-D | D548: 7875556 | E548: GREECE | F548: STARTLINE SA | G548: DSV Solutions Nederland (VX) | H548: 762 | I548: 46255 | J548: 46265 | K548: PASSED 09/07 | L548: 46255.738 | M548: 12 | N548: 23
A549: =+D549&D549 -> 78661167866116 | B549: =+D549&C549 -> 7866116GC9060BK-M | C549: GC9060BK-M | D549: 7866116 | E549: POLAND | F549: NEW BALANCE POLAND SP ZOO | G549: Direct Rotterdam (RTM) (DR) | H549: 1998 | I549: 46256 | L549: 46256.371 | M549: 12 | N549: 118
A550: =+D550&D550 -> 78661167866116 | B550: =+D550&C550 -> 7866116GC9060BK-M | C550: GC9060BK-M | D550: 7866116 | E550: POLAND | F550: NEW BALANCE POLAND SP ZOO | G550: Direct Rotterdam (RTM) (DR) | H550: 1998 | I550: 46256 | L550: 46256.394 | M550: 12 | N550: 45
A551: =+D551&D551 -> 78661167866116 | B551: =+D551&C551 -> 7866116GC9060BK-M | C551: GC9060BK-M | D551: 7866116 | E551: POLAND | F551: NEW BALANCE POLAND SP ZOO | G551: Direct Rotterdam (RTM) (DR) | H551: 1998 | I551: 46256 | L551: 46256.397 | M551: 12 | N551: 117
A552: =+D552&D552 -> 78661167866116 | B552: =+D552&C552 -> 7866116GC9060BK-M | C552: GC9060BK-M | D552: 7866116 | E552: POLAND | F552: NEW BALANCE POLAND SP ZOO | G552: Direct Rotterdam (RTM) (DR) | H552: 1998 | I552: 46256 | L552: 46256.414 | M552: 12 | N552: 119
A553: =+D553&D553 -> 78661167866116 | B553: =+D553&C553 -> 7866116GC9060BK-M | C553: GC9060BK-M | D553: 7866116 | E553: POLAND | F553: NEW BALANCE POLAND SP ZOO | G553: Direct Rotterdam (RTM) (DR) | H553: 1998 | I553: 46256 | L553: 46256.423 | M553: 12 | N553: 69
A554: =+D554&D554 -> 78661167866116 | B554: =+D554&C554 -> 7866116GC9060BK-M | C554: GC9060BK-M | D554: 7866116 | E554: POLAND | F554: NEW BALANCE POLAND SP ZOO | G554: Direct Rotterdam (RTM) (DR) | H554: 1998 | I554: 46256 | L554: 46256.427 | M554: 12 | N554: 26
A555: =+D555&D555 -> 78661167866116 | B555: =+D555&C555 -> 7866116GC9060BK-M | C555: GC9060BK-M | D555: 7866116 | E555: POLAND | F555: NEW BALANCE POLAND SP ZOO | G555: Direct Rotterdam (RTM) (DR) | H555: 1998 | I555: 46256 | L555: 46256.432 | M555: 12 | N555: 121
A556: =+D556&D556 -> 78661167866116 | B556: =+D556&C556 -> 7866116GC9060BK-M | C556: GC9060BK-M | D556: 7866116 | E556: POLAND | F556: NEW BALANCE POLAND SP ZOO | G556: Direct Rotterdam (RTM) (DR) | H556: 1998 | I556: 46256 | L556: 46256.432 | M556: 12 | N556: 65
A557: =+D557&D557 -> 78661167866116 | B557: =+D557&C557 -> 7866116GC9060BK-M | C557: GC9060BK-M | D557: 7866116 | E557: POLAND | F557: NEW BALANCE POLAND SP ZOO | G557: Direct Rotterdam (RTM) (DR) | H557: 1998 | I557: 46256 | L557: 46256.433 | M557: 12 | N557: 25
A558: =+D558&D558 -> 78661167866116 | B558: =+D558&C558 -> 7866116GC9060BK-M | C558: GC9060BK-M | D558: 7866116 | E558: POLAND | F558: NEW BALANCE POLAND SP ZOO | G558: Direct Rotterdam (RTM) (DR) | H558: 1998 | I558: 46256 | L558: 46256.438 | M558: 12 | N558: 123
A559: =+D559&D559 -> 78661167866116 | B559: =+D559&C559 -> 7866116GC9060BK-M | C559: GC9060BK-M | D559: 7866116 | E559: POLAND | F559: NEW BALANCE POLAND SP ZOO | G559: Direct Rotterdam (RTM) (DR) | H559: 1998 | I559: 46256 | L559: 46256.441 | M559: 12 | N559: 46
A560: =+D560&D560 -> 78661167866116 | B560: =+D560&C560 -> 7866116GC9060BK-M | C560: GC9060BK-M | D560: 7866116 | E560: POLAND | F560: NEW BALANCE POLAND SP ZOO | G560: Direct Rotterdam (RTM) (DR) | H560: 1998 | I560: 46256 | L560: 46256.445 | M560: 12 | N560: 120
... A582: =+D582&D582 -> 78661167866116 | B582: =+D582&C582 -> 7866116GC9060BK-M | C582: GC9060BK-M | D582: 7866116 | E582: POLAND | F582: NEW BALANCE POLAND SP ZOO | G582: Direct Rotterdam (RTM) (DR) | H582: 1998 | I582: 46256 | L582: 46256.501 | M582: 12 | N582: 126
A583: =+D583&D583 -> H176740H176740 | B583: =+D583&C583 -> H176740M5748EK-D | C583: M5748EK-D | D583: H176740 | E583: India | F583: INDEV INFRA PRIVATE LIMITED | G583: 0 | H583: 2622 | I583: 46256 | J583: 46286 | K583: PASSED 09/24 | L583: 46256.393 | M583: 12 | N583: 42
A584: =+D584&D584 -> H176740H176740 | B584: =+D584&C584 -> H176740M5748EK-D | C584: M5748EK-D | D584: H176740 | E584: India | F584: INDEV INFRA PRIVATE LIMITED | G584: 0 | H584: 2622 | I584: 46256 | J584: 46286 | K584: PASSED 09/24 | L584: 46256.4 | M584: 12 | N584: 173
A585: =+D585&D585 -> H176740H176740 | B585: =+D585&C585 -> H176740M5748EK-D | C585: M5748EK-D | D585: H176740 | E585: India | F585: INDEV INFRA PRIVATE LIMITED | G585: 0 | H585: 2622 | I585: 46256 | J585: 46286 | K585: PASSED 09/24 | L585: 46256.408 | M585: 12 | N585: 39
A586: =+D586&D586 -> H176740H176740 | B586: =+D586&C586 -> H176740M5748EK-D | C586: M5748EK-D | D586: H176740 | E586: India | F586: INDEV INFRA PRIVATE LIMITED | G586: 0 | H586: 2622 | I586: 46256 | J586: 46286 | K586: PASSED 09/24 | L586: 46256.408 | M586: 12 | N586: 105
A587: =+D587&D587 -> H176740H176740 | B587: =+D587&C587 -> H176740M5748EK-D | C587: M5748EK-D | D587: H176740 | E587: India | F587: INDEV INFRA PRIVATE LIMITED | G587: 0 | H587: 2622 | I587: 46256 | J587: 46286 | K587: PASSED 09/24 | L587: 46256.409 | M587: 12 | N587: 43
A588: =+D588&D588 -> H176740H176740 | B588: =+D588&C588 -> H176740M5748EK-D | C588: M5748EK-D | D588: H176740 | E588: India | F588: INDEV INFRA PRIVATE LIMITED | G588: 0 | H588: 2622 | I588: 46256 | J588: 46286 | K588: PASSED 09/24 | L588: 46256.409 | M588: 12 | N588: 5
A589: =+D589&D589 -> H176740H176740 | B589: =+D589&C589 -> H176740M5748EK-D | C589: M5748EK-D | D589: H176740 | E589: India | F589: INDEV INFRA PRIVATE LIMITED | G589: 0 | H589: 2622 | I589: 46256 | J589: 46286 | K589: PASSED 09/24 | L589: 46256.414 | M589: 12 | N589: 44
A590: =+D590&D590 -> H176740H176740 | B590: =+D590&C590 -> H176740M5748EK-D | C590: M5748EK-D | D590: H176740 | E590: India | F590: INDEV INFRA PRIVATE LIMITED | G590: 0 | H590: 2622 | I590: 46256 | J590: 46286 | K590: PASSED 09/24 | L590: 46256.415 | M590: 12 | N590: 6
A591: =+D591&D591 -> H176740H176740 | B591: =+D591&C591 -> H176740M5748EK-D | C591: M5748EK-D | D591: H176740 | E591: India | F591: INDEV INFRA PRIVATE LIMITED | G591: 0 | H591: 2622 | I591: 46256 | J591: 46286 | K591: PASSED 09/24 | L591: 46256.415 | M591: 12 | N591: 175
A592: =+D592&D592 -> H176740H176740 | B592: =+D592&C592 -> H176740M5748EK-D | C592: M5748EK-D | D592: H176740 | E592: India | F592: INDEV INFRA PRIVATE LIMITED | G592: 0 | H592: 2622 | I592: 46256 | J592: 46286 | K592: PASSED 09/24 | L592: 46256.415 | M592: 12 | N592: 8
A593: =+D593&D593 -> H176740H176740 | B593: =+D593&C593 -> H176740M5748EK-D | C593: M5748EK-D | D593: H176740 | E593: India | F593: INDEV INFRA PRIVATE LIMITED | G593: 0 | H593: 2622 | I593: 46256 | J593: 46286 | K593: PASSED 09/24 | L593: 46256.416 | M593: 12 | N593: 106
A594: =+D594&D594 -> H176740H176740 | B594: =+D594&C594 -> H176740M5748EK-D | C594: M5748EK-D | D594: H176740 | E594: India | F594: INDEV INFRA PRIVATE LIMITED | G594: 0 | H594: 2622 | I594: 46256 | J594: 46286 | K594: PASSED 09/24 | L594: 46256.416 | M594: 12 | N594: 104
... A634: =+D634&D634 -> H176740H176740 | B634: =+D634&C634 -> H176740M5748EK-D | C634: M5748EK-D | D634: H176740 | E634: India | F634: INDEV INFRA PRIVATE LIMITED | G634: 0 | H634: 2622 | I634: 46256 | J634: 46286 | K634: PASSED 09/24 | L634: 46256.503 | M634: 12 | N634: 113
A635: =+D635&D635 -> H153483H153483 | B635: =+D635&C635 -> H153483G90603SO-M | C635: G90603SO-M | D635: H153483 | E635: Thailand | F635: MAP ACTIVE ADIPERKASA LTD | G635: DIRECT (1) | H635: 144 | I635: 46258 | J635: 46266 | K635: PASSED 09/02 | L635: 46258.62 | M635: 12 | N635: 5
A636: =+D636&D636 -> H153483H153483 | B636: =+D636&C636 -> H153483G90603SO-M | C636: G90603SO-M | D636: H153483 | E636: Thailand | F636: MAP ACTIVE ADIPERKASA LTD | G636: DIRECT (1) | H636: 144 | I636: 46258 | J636: 46266 | K636: PASSED 09/02 | L636: 46258.62 | M636: 12 | N636: 6
A637: =+D637&D637 -> H153483H153483 | B637: =+D637&C637 -> H153483G90603SO-M | C637: G90603SO-M | D637: H153483 | E637: Thailand | F637: MAP ACTIVE ADIPERKASA LTD | G637: DIRECT (1) | H637: 144 | I637: 46258 | J637: 46266 | K637: PASSED 09/02 | L637: 46258.647 | M637: 6 | N637: 13
A638: =+D638&D638 -> H153483H153483 | B638: =+D638&C638 -> H153483G90603SO-M | C638: G90603SO-M | D638: H153483 | E638: Thailand | F638: MAP ACTIVE ADIPERKASA LTD | G638: DIRECT (1) | H638: 144 | I638: 46258 | J638: 46266 | K638: PASSED 09/02 | L638: 46258.647 | M638: 12 | N638: 3
A639: =+D639&D639 -> H171614H171614 | B639: =+D639&C639 -> H171614P6036SS-M | C639: P6036SS-M | D639: H171614 | E639: Panama | F639: BALANCE MANAGEMENT CORPORATION | G639: DIRECT (1) | H639: 372 | I639: 46258 | J639: 46280 | K639: PASSED 09/15 | L639: 46258.662 | M639: 12 | N639: 14
A640: =+D640&D640 -> H171614H171614 | B640: =+D640&C640 -> H171614P6036SS-M | C640: P6036SS-M | D640: H171614 | E640: Panama | F640: BALANCE MANAGEMENT CORPORATION | G640: DIRECT (1) | H640: 372 | I640: 46258 | J640: 46280 | K640: PASSED 09/15 | L640: 46258.686 | M640: 12 | N640: 16
A641: =+D641&D641 -> H171614H171614 | B641: =+D641&C641 -> H171614P6036SS-M | C641: P6036SS-M | D641: H171614 | E641: Panama | F641: BALANCE MANAGEMENT CORPORATION | G641: DIRECT (1) | H641: 372 | I641: 46258 | J641: 46280 | K641: PASSED 09/15 | L641: 46258.686 | M641: 12 | N641: 13
A642: =+D642&D642 -> H171614H171614 | B642: =+D642&C642 -> H171614P6036SS-M | C642: P6036SS-M | D642: H171614 | E642: Panama | F642: BALANCE MANAGEMENT CORPORATION | G642: DIRECT (1) | H642: 372 | I642: 46258 | J642: 46280 | K642: PASSED 09/15 | L642: 46258.689 | M642: 12 | N642: 15
A643: =+D643&D643 -> H171614H171614 | B643: =+D643&C643 -> H171614P6036SS-M | C643: P6036SS-M | D643: H171614 | E643: Panama | F643: BALANCE MANAGEMENT CORPORATION | G643: DIRECT (1) | H643: 372 | I643: 46258 | J643: 46280 | K643: PASSED 09/15 | L643: 46258.692 | M643: 12 | N643: 6
A644: =+D644&D644 -> H171614H171614 | B644: =+D644&C644 -> H171614P6036SS-M | C644: P6036SS-M | D644: H171614 | E644: Panama | F644: BALANCE MANAGEMENT CORPORATION | G644: DIRECT (1) | H644: 372 | I644: 46258 | J644: 46280 | K644: PASSED 09/15 | L644: 46258.692 | M644: 12 | N644: 18
A645: =+D645&D645 -> H171614H171614 | B645: =+D645&C645 -> H171614P6036SS-M | C645: P6036SS-M | D645: H171614 | E645: Panama | F645: BALANCE MANAGEMENT CORPORATION | G645: DIRECT (1) | H645: 372 | I645: 46258 | J645: 46280 | K645: PASSED 09/15 | L645: 46258.693 | M645: 12 | N645: 7
A646: =+D646&D646 -> H171614H171614 | B646: =+D646&C646 -> H171614P6036SS-M | C646: P6036SS-M | D646: H171614 | E646: Panama | F646: BALANCE MANAGEMENT CORPORATION | G646: DIRECT (1) | H646: 372 | I646: 46258 | J646: 46280 | K646: PASSED 09/15 | L646: 46258.694 | M646: 12 | N646: 20
... A668: =+D668&D668 -> 78748527874852 | B668: =+D668&C668 -> 7874852PC9060BE-M | C668: PC9060BE-M | D668: 7874852 | E668: GERMANY | F668: ZALANDO | G668: DSV Solutions Nederland (VX) | H668: 846 | I668: 46259 | J668: 46261 | K668: PASSED 08/28 | L668: 46259.491 | M668: 12 | N668: 13
A669: =+D669&D669 -> H176743H176743 | B669: =+D669&C669 -> H176743M5745QV-D | C669: M5745QV-D | D669: H176743 | E669: India | F669: INDEV INFRA PRIVATE LIMITED | G669: 0 | H669: 2676 | I669: 46259 | J669: 46286 | K669: PASSED 09/21 | L669: 46259.379 | M669: 12 | N669: 169
A670: =+D670&D670 -> H176743H176743 | B670: =+D670&C670 -> H176743M5745QV-D | C670: M5745QV-D | D670: H176743 | E670: India | F670: INDEV INFRA PRIVATE LIMITED | G670: 0 | H670: 2676 | I670: 46259 | J670: 46286 | K670: PASSED 09/21 | L670: 46259.387 | M670: 12 | N670: 105
A671: =+D671&D671 -> H176743H176743 | B671: =+D671&C671 -> H176743M5745QV-D | C671: M5745QV-D | D671: H176743 | E671: India | F671: INDEV INFRA PRIVATE LIMITED | G671: 0 | H671: 2676 | I671: 46259 | J671: 46286 | K671: PASSED 09/21 | L671: 46259.405 | M671: 12 | N671: 108
A672: =+D672&D672 -> H176743H176743 | B672: =+D672&C672 -> H176743M5745QV-D | C672: M5745QV-D | D672: H176743 | E672: India | F672: INDEV INFRA PRIVATE LIMITED | G672: 0 | H672: 2676 | I672: 46259 | J672: 46286 | K672: PASSED 09/21 | L672: 46259.413 | M672: 12 | N672: 5
A673: =+D673&D673 -> H176743H176743 | B673: =+D673&C673 -> H176743M5745QV-D | C673: M5745QV-D | D673: H176743 | E673: India | F673: INDEV INFRA PRIVATE LIMITED | G673: 0 | H673: 2676 | I673: 46259 | J673: 46286 | K673: PASSED 09/21 | L673: 46259.413 | M673: 12 | N673: 106
A674: =+D674&D674 -> H176743H176743 | B674: =+D674&C674 -> H176743M5745QV-D | C674: M5745QV-D | D674: H176743 | E674: India | F674: INDEV INFRA PRIVATE LIMITED | G674: 0 | H674: 2676 | I674: 46259 | J674: 46286 | K674: PASSED 09/21 | L674: 46259.42 | M674: 12 | N674: 92
A675: =+D675&D675 -> H176743H176743 | B675: =+D675&C675 -> H176743M5745QV-D | C675: M5745QV-D | D675: H176743 | E675: India | F675: INDEV INFRA PRIVATE LIMITED | G675: 0 | H675: 2676 | I675: 46259 | J675: 46286 | K675: PASSED 09/21 | L675: 46259.42 | M675: 12 | N675: 170
A676: =+D676&D676 -> H176743H176743 | B676: =+D676&C676 -> H176743M5745QV-D | C676: M5745QV-D | D676: H176743 | E676: India | F676: INDEV INFRA PRIVATE LIMITED | G676: 0 | H676: 2676 | I676: 46259 | J676: 46286 | K676: PASSED 09/21 | L676: 46259.424 | M676: 12 | N676: 157
A677: =+D677&D677 -> H176743H176743 | B677: =+D677&C677 -> H176743M5745QV-D | C677: M5745QV-D | D677: H176743 | E677: India | F677: INDEV INFRA PRIVATE LIMITED | G677: 0 | H677: 2676 | I677: 46259 | J677: 46286 | K677: PASSED 09/21 | L677: 46259.425 | M677: 12 | N677: 40
A678: =+D678&D678 -> H176743H176743 | B678: =+D678&C678 -> H176743M5745QV-D | C678: M5745QV-D | D678: H176743 | E678: India | F678: INDEV INFRA PRIVATE LIMITED | G678: 0 | H678: 2676 | I678: 46259 | J678: 46286 | K678: PASSED 09/21 | L678: 46259.427 | M678: 12 | N678: 107
A679: =+D679&D679 -> H176743H176743 | B679: =+D679&C679 -> H176743M5745QV-D | C679: M5745QV-D | D679: H176743 | E679: India | F679: INDEV INFRA PRIVATE LIMITED | G679: 0 | H679: 2676 | I679: 46259 | J679: 46286 | K679: PASSED 09/21 | L679: 46259.43 | M679: 12 | N679: 43
A680: =+D680&D680 -> H176743H176743 | B680: =+D680&C680 -> H176743M5745QV-D | C680: M5745QV-D | D680: H176743 | E680: India | F680: INDEV INFRA PRIVATE LIMITED | G680: 0 | H680: 2676 | I680: 46259 | J680: 46286 | K680: PASSED 09/21 | L680: 46259.437 | M680: 12 | N680: 41
... A712: =+D712&D712 -> H176751H176751 | B712: =+D712&C712 -> H176751M5744FK-D | C712: M5744FK-D | D712: H176751 | E712: India | F712: INDEV INFRA PRIVATE LIMITED | G712: 0 | H712: 2742 | I712: 46260 | J712: 46287 | K712: PASSED 09/22 | L712: 46260.742 | M712: 12 | N712: 175
A713: =+D713&D713 -> H176978H176978 | B713: =+D713&C713 -> H176978GC9060BK-M | C713: GC9060BK-M | D713: H176978 | E713: Chile | F713: DEPORTES SPARTA SPA | G713: DIRECT (1) | H713: 756 | I713: 46260 | J713: 46283 | K713: PASSED 09/18 | L713: 46260.6 | M713: 6 | N713: 56
A714: =+D714&D714 -> H176978H176978 | B714: =+D714&C714 -> H176978GC9060BK-M | C714: GC9060BK-M | D714: H176978 | E714: Chile | F714: DEPORTES SPARTA SPA | G714: DIRECT (1) | H714: 756 | I714: 46260 | J714: 46283 | K714: PASSED 09/18 | L714: 46260.604 | M714: 6 | N714: 29
A715: =+D715&D715 -> H176978H176978 | B715: =+D715&C715 -> H176978GC9060BK-M | C715: GC9060BK-M | D715: H176978 | E715: Chile | F715: DEPORTES SPARTA SPA | G715: DIRECT (1) | H715: 756 | I715: 46260 | J715: 46283 | K715: PASSED 09/18 | L715: 46260.62 | M715: 6 | N715: 55
A716: =+D716&D716 -> H176978H176978 | B716: =+D716&C716 -> H176978GC9060BK-M | C716: GC9060BK-M | D716: H176978 | E716: Chile | F716: DEPORTES SPARTA SPA | G716: DIRECT (1) | H716: 756 | I716: 46260 | J716: 46283 | K716: PASSED 09/18 | L716: 46260.622 | M716: 6 | N716: 53
A717: =+D717&D717 -> H176978H176978 | B717: =+D717&C717 -> H176978GC9060BK-M | C717: GC9060BK-M | D717: H176978 | E717: Chile | F717: DEPORTES SPARTA SPA | G717: DIRECT (1) | H717: 756 | I717: 46260 | J717: 46283 | K717: PASSED 09/18 | L717: 46260.628 | M717: 6 | N717: 30
A718: =+D718&D718 -> H176978H176978 | B718: =+D718&C718 -> H176978GC9060BK-M | C718: GC9060BK-M | D718: H176978 | E718: Chile | F718: DEPORTES SPARTA SPA | G718: DIRECT (1) | H718: 756 | I718: 46260 | J718: 46283 | K718: PASSED 09/18 | L718: 46260.634 | M718: 6 | N718: 74
A719: =+D719&D719 -> H176978H176978 | B719: =+D719&C719 -> H176978GC9060BK-M | C719: GC9060BK-M | D719: H176978 | E719: Chile | F719: DEPORTES SPARTA SPA | G719: DIRECT (1) | H719: 756 | I719: 46260 | J719: 46283 | K719: PASSED 09/18 | L719: 46260.634 | M719: 6 | N719: 12
A720: =+D720&D720 -> H176978H176978 | B720: =+D720&C720 -> H176978GC9060BK-M | C720: GC9060BK-M | D720: H176978 | E720: Chile | F720: DEPORTES SPARTA SPA | G720: DIRECT (1) | H720: 756 | I720: 46260 | J720: 46283 | K720: PASSED 09/18 | L720: 46260.636 | M720: 6 | N720: 113
A721: =+D721&D721 -> H176978H176978 | B721: =+D721&C721 -> H176978GC9060BK-M | C721: GC9060BK-M | D721: H176978 | E721: Chile | F721: DEPORTES SPARTA SPA | G721: DIRECT (1) | H721: 756 | I721: 46260 | J721: 46283 | K721: PASSED 09/18 | L721: 46260.642 | M721: 6 | N721: 27
A722: =+D722&D722 -> H176978H176978 | B722: =+D722&C722 -> H176978GC9060BK-M | C722: GC9060BK-M | D722: H176978 | E722: Chile | F722: DEPORTES SPARTA SPA | G722: DIRECT (1) | H722: 756 | I722: 46260 | J722: 46283 | K722: PASSED 09/18 | L722: 46260.643 | M722: 6 | N722: 52
A723: =+D723&D723 -> H176978H176978 | B723: =+D723&C723 -> H176978GC9060BK-M | C723: GC9060BK-M | D723: H176978 | E723: Chile | F723: DEPORTES SPARTA SPA | G723: DIRECT (1) | H723: 756 | I723: 46260 | J723: 46283 | K723: PASSED 09/18 | L723: 46260.65 | M723: 6 | N723: 50
A724: =+D724&D724 -> H176978H176978 | B724: =+D724&C724 -> H176978GC9060BK-M | C724: GC9060BK-M | D724: H176978 | E724: Chile | F724: DEPORTES SPARTA SPA | G724: DIRECT (1) | H724: 756 | I724: 46260 | J724: 46283 | K724: PASSED 09/18 | L724: 46260.653 | M724: 6 | N724: 14
... A818: =+D818&D818 -> H180750H180750 | B818: =+D818&C818 -> H180750GC9060GY-M | C818: GC9060GY-M | D818: H180750 | E818: Ukraine | F818: TITAN SPORT LLC | G818: DIRECT (1) | H818: 576 | I818: 46261 | J818: 46267 | K818: PASSED 09/02 | L818: 46261.687 | M818: 12 | N818: 26
A819: =+D819&D819 -> 78755017875501 | B819: =+D819&C819 -> 7875501GC9060GY-M | C819: GC9060GY-M | D819: 7875501 | E819: NETHERLANDS | F819: DSV VENLO | G819: DSV Solutions Nederland (VW) | H819: 1506 | I819: 46262 | L819: 46262.604 | M819: 12 | N819: 42
A820: =+D820&D820 -> 78755017875501 | B820: =+D820&C820 -> 7875501GC9060GY-M | C820: GC9060GY-M | D820: 7875501 | E820: NETHERLANDS | F820: DSV VENLO | G820: DSV Solutions Nederland (VW) | H820: 1506 | I820: 46262 | L820: 46262.609 | M820: 12 | N820: 22
A821: =+D821&D821 -> 78755017875501 | B821: =+D821&C821 -> 7875501GC9060GY-M | C821: GC9060GY-M | D821: 7875501 | E821: NETHERLANDS | F821: DSV VENLO | G821: DSV Solutions Nederland (VW) | H821: 1506 | I821: 46262 | L821: 46262.62 | M821: 12 | N821: 77
A822: =+D822&D822 -> 78755017875501 | B822: =+D822&C822 -> 7875501GC9060GY-M | C822: GC9060GY-M | D822: 7875501 | E822: NETHERLANDS | F822: DSV VENLO | G822: DSV Solutions Nederland (VW) | H822: 1506 | I822: 46262 | L822: 46262.622 | M822: 12 | N822: 116
A823: =+D823&D823 -> 78755017875501 | B823: =+D823&C823 -> 7875501GC9060GY-M | C823: GC9060GY-M | D823: 7875501 | E823: NETHERLANDS | F823: DSV VENLO | G823: DSV Solutions Nederland (VW) | H823: 1506 | I823: 46262 | L823: 46262.622 | M823: 12 | N823: 23
A824: =+D824&D824 -> 78755017875501 | B824: =+D824&C824 -> 7875501GC9060GY-M | C824: GC9060GY-M | D824: 7875501 | E824: NETHERLANDS | F824: DSV VENLO | G824: DSV Solutions Nederland (VW) | H824: 1506 | I824: 46262 | L824: 46262.623 | M824: 12 | N824: 94
A825: =+D825&D825 -> 78755017875501 | B825: =+D825&C825 -> 7875501GC9060GY-M | C825: GC9060GY-M | D825: 7875501 | E825: NETHERLANDS | F825: DSV VENLO | G825: DSV Solutions Nederland (VW) | H825: 1506 | I825: 46262 | L825: 46262.623 | M825: 12 | N825: 47
A826: =+D826&D826 -> 78755017875501 | B826: =+D826&C826 -> 7875501GC9060GY-M | C826: GC9060GY-M | D826: 7875501 | E826: NETHERLANDS | F826: DSV VENLO | G826: DSV Solutions Nederland (VW) | H826: 1506 | I826: 46262 | L826: 46262.646 | M826: 12 | N826: 117
A827: =+D827&D827 -> 78755017875501 | B827: =+D827&C827 -> 7875501GC9060GY-M | C827: GC9060GY-M | D827: 7875501 | E827: NETHERLANDS | F827: DSV VENLO | G827: DSV Solutions Nederland (VW) | H827: 1506 | I827: 46262 | L827: 46262.649 | M827: 12 | N827: 48
A828: =+D828&D828 -> 78755017875501 | B828: =+D828&C828 -> 7875501GC9060GY-M | C828: GC9060GY-M | D828: 7875501 | E828: NETHERLANDS | F828: DSV VENLO | G828: DSV Solutions Nederland (VW) | H828: 1506 | I828: 46262 | L828: 46262.65 | M828: 12 | N828: 78
A829: =+D829&D829 -> 78755017875501 | B829: =+D829&C829 -> 7875501GC9060GY-M | C829: GC9060GY-M | D829: 7875501 | E829: NETHERLANDS | F829: DSV VENLO | G829: DSV Solutions Nederland (VW) | H829: 1506 | I829: 46262 | L829: 46262.654 | M829: 12 | N829: 79
A830: =+D830&D830 -> 78755017875501 | B830: =+D830&C830 -> 7875501GC9060GY-M | C830: GC9060GY-M | D830: 7875501 | E830: NETHERLANDS | F830: DSV VENLO | G830: DSV Solutions Nederland (VW) | H830: 1506 | I830: 46262 | L830: 46262.654 | M830: 12 | N830: 108
... A842: =+D842&D842 -> 78755017875501 | B842: =+D842&C842 -> 7875501GC9060GY-M | C842: GC9060GY-M | D842: 7875501 | E842: NETHERLANDS | F842: DSV VENLO | G842: DSV Solutions Nederland (VW) | H842: 1506 | I842: 46262 | L842: 46262.732 | M842: 12 | N842: 80
A843: =+D843&D843 -> 78756587875658 | B843: =+D843&C843 -> 7875658W60347S-B | C843: W60347S-B | D843: 7875658 | E843: GREECE | F843: STARTLINE SA | G843: DSV Solutions Nederland (VX) | H843: 306 | I843: 46262 | J843: 46283 | K843: PASSED 09/18 | L843: 46262.692 | M843: 12 | N843: 5
A844: =+D844&D844 -> 78756587875658 | B844: =+D844&C844 -> 7875658W60347S-B | C844: W60347S-B | D844: 7875658 | E844: GREECE | F844: STARTLINE SA | G844: DSV Solutions Nederland (VX) | H844: 306 | I844: 46262 | J844: 46283 | K844: PASSED 09/18 | L844: 46262.692 | M844: 12 | N844: 10
A845: =+D845&D845 -> H180254H180254 | B845: =+D845&C845 -> H180254M5742IX-D | C845: M5742IX-D | D845: H180254 | E845: Ukraine | F845: TITAN SPORT LLC | G845: DIRECT (1) | H845: 2310 | I845: 46262 | J845: 46289 | K845: PASSED 09/24 | L845: 46262.596 | M845: 12 | N845: 108
A846: =+D846&D846 -> H180254H180254 | B846: =+D846&C846 -> H180254M5742IX-D | C846: M5742IX-D | D846: H180254 | E846: Ukraine | F846: TITAN SPORT LLC | G846: DIRECT (1) | H846: 2310 | I846: 46262 | J846: 46289 | K846: PASSED 09/24 | L846: 46262.598 | M846: 12 | N846: 171
A847: =+D847&D847 -> H180254H180254 | B847: =+D847&C847 -> H180254M5742IX-D | C847: M5742IX-D | D847: H180254 | E847: Ukraine | F847: TITAN SPORT LLC | G847: DIRECT (1) | H847: 2310 | I847: 46262 | J847: 46289 | K847: PASSED 09/24 | L847: 46262.608 | M847: 12 | N847: 152
A848: =+D848&D848 -> H180254H180254 | B848: =+D848&C848 -> H180254M5742IX-D | C848: M5742IX-D | D848: H180254 | E848: Ukraine | F848: TITAN SPORT LLC | G848: DIRECT (1) | H848: 2310 | I848: 46262 | J848: 46289 | K848: PASSED 09/24 | L848: 46262.614 | M848: 12 | N848: 110
A849: =+D849&D849 -> H180254H180254 | B849: =+D849&C849 -> H180254M5742IX-D | C849: M5742IX-D | D849: H180254 | E849: Ukraine | F849: TITAN SPORT LLC | G849: DIRECT (1) | H849: 2310 | I849: 46262 | J849: 46289 | K849: PASSED 09/24 | L849: 46262.618 | M849: 12 | N849: 172
A850: =+D850&D850 -> H180254H180254 | B850: =+D850&C850 -> H180254M5742IX-D | C850: M5742IX-D | D850: H180254 | E850: Ukraine | F850: TITAN SPORT LLC | G850: DIRECT (1) | H850: 2310 | I850: 46262 | J850: 46289 | K850: PASSED 09/24 | L850: 46262.645 | M850: 12 | N850: 154
...

Sheet Sheet2
A1: 1 | B1: 2 | C1: 3 | D1: 4 | E1: 5 | F1: 6 | G1: 7 | H1: 8
B2: STYLE | C2: NEW PO | D2: WAREHOUSE | E2: CLR WIDTH | F2: MARKET | G2: CUSTOMER | H2: QTY
A6: =+C6&B6&"-"&E6 -> H171717G6032U8-M | B6: G6032U8 | C6: H171717 | D6: DIRECT (1) | E6: M | F6: Serbia and Montenegro | G6: BDS RS. DOO Beograd | H6: 180
A7: =+C7&B7&"-"&E7 -> H171720G6035EQ-M | B7: G6035EQ | C7: H171720 | D7: DIRECT (1) | E7: M | F7: Serbia and Montenegro | G7: BDS RS. DOO Beograd | H7: 156
A8: =+C8&B8&"-"&E8 -> H171727G6037LU-M | B8: G6037LU | C8: H171727 | D8: DIRECT (1) | E8: M | F8: Serbia and Montenegro | G8: BDS RS. DOO Beograd | H8: 408
A9: =+C9&B9&"-"&E9 -> H171778G6033UP-M | B9: G6033UP | C9: H171778 | D9: DIRECT (1) | E9: M | F9: Serbia and Montenegro | G9: BDS RS. DOO Beograd | H9: 144
A10: =+C10&B10&"-"&E10 -> 7873637G6035F4-M | B10: G6035F4 | C10: 7873637 | D10: D S V Solutions (UX) | E10: M | F10: UNITED KINGDOM | G10: Sports Direct Internation | H10: 372
A11: =+C11&B11&"-"&E11 -> 7873785G6035F4-M | B11: G6035F4 | C11: 7873785 | D11: D S V Solutions (UX) | E11: M | F11: UNITED KINGDOM | G11: Sports Direct Internation | H11: 576
A12: =+C12&B12&"-"&E12 -> U146432G6035F4-M | B12: G6035F4 | C12: U146432 | D12: Direct USA Virtual (97) | E12: M | F12: United States | G12: DSW, INC. | H12: 756
A13: =+C13&B13&"-"&E13 -> U146468G6035F4-M | B13: G6035F4 | C13: U146468 | D13: Direct USA Virtual (97) | E13: M | F13: United States | G13: FINISHLINE - MACY'S DIVISION | H13: 858
A14: =+C14&B14&"-"&E14 -> U146469G6035F4-M | B14: G6035F4 | C14: U146469 | D14: Direct USA Virtual (97) | E14: M | F14: United States | G14: FINISHLINE - MACY'S DIVISION | H14: 1242
A15: =+C15&B15&"-"&E15 -> U146477G6035F4-M | B15: G6035F4 | C15: U146477 | D15: Direct USA Virtual (97) | E15: M | F15: United States | G15: EUROSTAR, INC. / WSS | H15: 2400
A16: =+C16&B16&"-"&E16 -> 7873632G6032Z2-M | B16: G6032Z2 | C16: 7873632 | D16: D S V Solutions (UX) | E16: M | F16: UNITED KINGDOM | G16: Sports Direct Internation | H16: 576
A17: =+C17&B17&"-"&E17 -> C134979G6035EQ-M | B17: G6035EQ | C17: C134979 | D17: Concord, ON Canada (85) | E17: M | F17: Canada | G17: New Balance Canada | H17: 48
... A101: =+C101&B101&"-"&E101 -> H176962PV574EVW-M | B101: PV574EVW | C101: H176962 | D101: DIRECT (1) | E101: M | F101: South Africa | G101: NEW BALANCE SOUTH AFRICA (PTY) LTD. | H101: 150
A102: =+C102&B102&"-"&E102 -> 7876950I57425Y-M | B102: I57425Y | C102: 7876950 | D102: Direct Rotterdam (RTM) (DR) | E102: M | F102: POLAND | G102: NEW BALANCE POLAND SP ZOO | H102: 204
A103: =+C103&B103&"-"&E103 -> 7876511I57429D-M | B103: I57429D | C103: 7876511 | D103: Direct Rotterdam (RTM) (DR) | E103: M | F103: POLAND | G103: NEW BALANCE POLAND SP ZOO | H103: 306
A104: =+C104&B104&"-"&E104 -> 7876773I5746W2-M | B104: I5746W2 | C104: 7876773 | D104: Direct Rotterdam (RTM) (DR) | E104: M | F104: POLAND | G104: NEW BALANCE POLAND SP ZOO | H104: 144
A105: =+C105&B105&"-"&E105 -> 7875487GC574EVG-W | B105: GC574EVG | C105: 7875487 | D105: DSV Solutions Nederland (VW) | E105: W | F105: NETHERLANDS | G105: DSV VENLO | H105: 198
A106: =+C106&B106&"-"&E106 -> H176907GC574EVG-M | B106: GC574EVG | C106: H176907 | D106: DIRECT (1) | E106: M | F106: Australia | G106: NEW BALANCE C/O | H106: 144
A107: =+C107&B107&"-"&E107 -> C135219GC574EVW-M | B107: GC574EVW | C107: C135219 | D107: Concord, ON Canada (85) | E107: M | F107: Canada | G107: New Balance Canada | H107: 336
A108: =+C108&B108&"-"&E108 -> U152761GC574EVW-M | B108: GC574EVW | C108: U152761 | D108: Lawrence, Massachusetts - USA (22) | E108: M | F108: United States | G108: NEW BALANCE ATHLETICS, INC. | H108: 2052
A109: =+C109&B109&"-"&E109 -> U152761GC574EVW-W | B109: GC574EVW | C109: U152761 | D109: Lawrence, Massachusetts - USA (22) | E109: W | F109: United States | G109: NEW BALANCE ATHLETICS, INC. | H109: 270
A110: =+C110&B110&"-"&E110 -> U152762PC574EVW-M | B110: PC574EVW | C110: U152762 | D110: Lawrence, Massachusetts - USA (22) | E110: M | F110: United States | G110: NEW BALANCE ATHLETICS, INC. | H110: 618
A111: =+C111&B111&"-"&E111 -> U152762PC574EVW-W | B111: PC574EVW | C111: U152762 | D111: Lawrence, Massachusetts - USA (22) | E111: W | F111: United States | G111: NEW BALANCE ATHLETICS, INC. | H111: 36
A112: =+C112&B112&"-"&E112 -> U152764NW574EVW-M | B112: NW574EVW | C112: U152764 | D112: Lawrence, Massachusetts - USA (22) | E112: M | F112: United States | G112: NEW BALANCE ATHLETICS, INC. | H112: 414
A113: =+C113&B113&"-"&E113 -> U152764NW574EVW-W | B113: NW574EVW | C113: U152764 | D113: Lawrence, Massachusetts - USA (22) | E113: W | F113: United States | G113: NEW BALANCE ATHLETICS, INC. | H113: 366
A114: =+C114&B114&"-"&E114 -> U152764NW574EVW-XW | B114: NW574EVW | C114: U152764 | D114: Lawrence, Massachusetts - USA (22) | E114: XW | F114: United States | G114: NEW BALANCE ATHLETICS, INC. | H114: 66
... A192: =+C192&B192&"-"&E192 -> H190533PV574EVG-W | B192: PV574EVG | C192: H190533 | D192: DIRECT (1) | E192: W | F192: Taiwan | G192: NEW BALANCE TAIWAN, INC | H192: 1008
A193: =+C193&B193&"-"&E193 -> 7866850GC574EVW-M | B193: GC574EVW | C193: 7866850 | D193: DSV Solutions Nederland (VW) | E193: M | F193: NETHERLANDS | G193: DSV VENLO | H193: 282
A194: =+C194&B194&"-"&E194 -> 7866212GC574EVB-M | B194: GC574EVB | C194: 7866212 | D194: Direct Rotterdam (RTM) (DR) | E194: M | F194: POLAND | G194: NEW BALANCE POLAND SP ZOO | H194: 270
A195: =+C195&B195&"-"&E195 -> 7866239GC574EVE-M | B195: GC574EVE | C195: 7866239 | D195: Direct Rotterdam (RTM) (DR) | E195: M | F195: POLAND | G195: NEW BALANCE POLAND SP ZOO | H195: 234
A196: =+C196&B196&"-"&E196 -> 7866225GC574EVG-M | B196: GC574EVG | C196: 7866225 | D196: Direct Rotterdam (RTM) (DR) | E196: M | F196: POLAND | G196: NEW BALANCE POLAND SP ZOO | H196: 234
A197: =+C197&B197&"-"&E197 -> 7866189GC574EVK-M | B197: GC574EVK | C197: 7866189 | D197: Direct Rotterdam (RTM) (DR) | E197: M | F197: POLAND | G197: NEW BALANCE POLAND SP ZOO | H197: 360
A198: =+C198&B198&"-"&E198 -> 7866243GC574EVW-M | B198: GC574EVW | C198: 7866243 | D198: Direct Rotterdam (RTM) (DR) | E198: M | F198: POLAND | G198: NEW BALANCE POLAND SP ZOO | H198: 144
A199: =+C199&B199&"-"&E199 -> 7866883PC574EVW-M | B199: PC574EVW | C199: 7866883 | D199: DSV Solutions Nederland (VW) | E199: M | F199: NETHERLANDS | G199: DSV VENLO | H199: 276
A200: =+C200&B200&"-"&E200 -> 7866406G6035EQ-M | B200: G6035EQ | C200: 7866406 | D200: Direct Rotterdam (RTM) (DR) | E200: M | F200: ITALY | G200: NEW BALANCE ITALY SRL | H200: 420
A201: =+C201&B201&"-"&E201 -> H171722G6037LU-M | B201: G6037LU | C201: H171722 | D201: DIRECT (1) | E201: M | F201: Serbia and Montenegro | G201: BDS RS. DOO Beograd | H201: 228
A202: =+C202&B202&"-"&E202 -> H176945W60336H-B | B202: W60336H | C202: H176945 | D202: DIRECT (1) | E202: B | F202: Switzerland | G202: CHRIS SPORTS AG | H202: 570
A203: =+C203&B203&"-"&E203 -> 7875658W60347S-B | B203: W60347S | C203: 7875658 | D203: DSV Solutions Nederland (VX) | E203: B | F203: GREECE | G203: STARTLINE SA | H203: 306
A204: =+C204&B204&"-"&E204 -> U148000W6034FP-B | B204: W6034FP | C204: U148000 | D204: Direct USA Virtual (97) | E204: B | F204: United States | G204: THE SHOE DEPT | H204: 600
A205: =+C205&B205&"-"&E205 -> H171628G6032U8-M | B205: G6032U8 | C205: H171628 | D205: DIRECT (1) | E205: M | F205: Switzerland | G205: CHRIS SPORTS AG | H205: 144
... A558: =+C558&B558&"-"&E558 -> C135264P90602XV-M | B558: P90602XV | C558: C135264 | D558: Concord, ON Canada (85) | E558: M | F558: Canada | G558: New Balance Canada | H558: 438
A559: =+C559&B559&"-"&E559 -> 7876234P9060841-M | B559: P9060841 | C559: 7876234 | D559: Direct Rotterdam (RTM) (DR) | E559: M | F559: ITALY | G559: NEW BALANCE ITALY SRL | H559: 3048
A560: =+C560&B560&"-"&E560 -> U148140P90602XV-M | B560: P90602XV | C560: U148140 | D560: Direct USA Virtual (97) | E560: M | F560: United States | G560: JAKO ENTERPRISES LTD (PHILLY DC) | H560: 4608
A561: =+C561&B561&"-"&E561 -> 7876533P9060841-M | B561: P9060841 | C561: 7876533 | D561: Direct Rotterdam (RTM) (DR) | E561: M | F561: POLAND | G561: NEW BALANCE POLAND SP ZOO | H561: 432
A562: =+C562&B562&"-"&E562 -> 7880872P90608S3-M | B562: P90608S3 | C562: 7880872 | D562: Direct Rotterdam (RTM) (DR) | E562: M | F562: ITALY | G562: NEW BALANCE ITALY SRL | H562: 774
A563: =+C563&B563&"-"&E563 -> U153548P90608S3-M | B563: P90608S3 | C563: U153548 | D563: Direct USA Virtual (97) | E563: M | F563: United States | G563: THE FINISH LINE DISTRIBUTION CO,INC | H563: 1200
A564: =+C564&B564&"-"&E564 -> 7884690PC9060ER-M | B564: PC9060ER | C564: 7884690 | D564: DSV Solutions Nederland (VF) | E564: M | F564: NETHERLANDS | G564: DSV VENLO | H564: 516
A565: =+C565&B565&"-"&E565 -> 7875419P906053S-M | B565: P906053S | C565: 7875419 | D565: Direct Rotterdam (RTM) (DR) | E565: M | F565: POLAND | G565: NEW BALANCE POLAND SP ZOO | H565: 516
A566: =+C566&B566&"-"&E566 -> H178074P90602XV-M | B566: P90602XV | C566: H178074 | D566: DIRECT (1) | E566: M | F566: Kazakhstan | G566: LLP ALBERT TRADING | H566: 144
A567: =+C567&B567&"-"&E567 -> 7881798PC9060LL-M | B567: PC9060LL | C567: 7881798 | D567: DSV Solutions Nederland (VW) | E567: M | F567: NETHERLANDS | G567: DSV VENLO | H567: 210
A568: =+C568&B568&"-"&E568 -> U153192PC9060LL-M | B568: PC9060LL | C568: U153192 | D568: Direct USA Virtual (97) | E568: M | F568: United States | G568: THE FINISH LINE DISTRIBUTION CO,INC | H568: 1278
A569: =+C569&B569&"-"&E569 -> U153193PC9060LL-M | B569: PC9060LL | C569: U153193 | D569: Direct USA Virtual (97) | E569: M | F569: United States | G569: THE FINISH LINE DISTRIBUTION CO,INC | H569: 924
A570: =+C570&B570&"-"&E570 -> H189875PC9060LL-M | B570: PC9060LL | C570: H189875 | D570: DIRECT (1) | E570: M | F570: Mexico | G570: NB ATLETICO DE MEXICO S.DE R.L. DE | H570: 144
A571: =+C571&B571&"-"&E571 -> 7881626P90605V8-M | B571: P90605V8 | C571: 7881626 | D571: D S V Solutions Ltd (UW) | E571: M | F571: UNITED KINGDOM | G571: DSV SOLUTIONS LTD | H571: 150
... A970: =+C970&B970&"-"&E970 -> 7875556M5742IX-D | B970: M5742IX | C970: 7875556 | D970: DSV Solutions Nederland (VX) | E970: D | F970: GREECE | G970: STARTLINE SA | H970: 762
A971: =+C971&B971&"-"&E971 -> H176740M5748EK-D | B971: M5748EK | C971: H176740 | E971: D | F971: India | G971: INDEV INFRA PRIVATE LIMITED | H971: 2622
A972: =+C972&B972&"-"&E972 -> H176743M5745QV-D | B972: M5745QV | C972: H176743 | E972: D | F972: India | G972: INDEV INFRA PRIVATE LIMITED | H972: 2676
A973: =+C973&B973&"-"&E973 -> H176751M5744FK-D | B973: M5744FK | C973: H176751 | E973: D | F973: India | G973: INDEV INFRA PRIVATE LIMITED | H973: 2742
A974: =+C974&B974&"-"&E974 -> 7875574W5749H1-D | B974: W5749H1 | C974: 7875574 | D974: DSV Solutions Nederland (VX) | E974: D | F974: GREECE | G974: STARTLINE SA | H974: 318
A975: =+C975&B975&"-"&E975 -> H176956M5742IX-D | B975: M5742IX | C975: H176956 | D975: DIRECT (1) | E975: D | F975: Switzerland | G975: CHRIS SPORTS AG | H975: 144
A976: =+C976&B976&"-"&E976 -> H180254M5742IX-D | B976: M5742IX | C976: H180254 | D976: DIRECT (1) | E976: D | F976: Ukraine | G976: TITAN SPORT LLC | H976: 2310
A977: =+C977&B977&"-"&E977 -> H181893W5743HE-B | B977: W5743HE | C977: H181893 | D977: DIRECT (1) | E977: B | F977: Switzerland | G977: CHRIS SPORTS AG | H977: 528
A978: =+C978&B978&"-"&E978 -> H181902W5743HE-B | B978: W5743HE | C978: H181902 | D978: DIRECT (1) | E978: B | F978: Serbia | G978: BDS RS. DOO Beograd | H978: 282
A979: =+C979&B979&"-"&E979 -> H181903W5743HE-B | B979: W5743HE | C979: H181903 | D979: DIRECT (1) | E979: B | F979: Serbia | G979: BDS RS. DOO Beograd | H979: 264
A980: =+C980&B980&"-"&E980 -> H181911W5744CP-B | B980: W5744CP | C980: H181911 | D980: DIRECT (1) | E980: B | F980: Switzerland | G980: CHRIS SPORTS AG | H980: 162
A981: =+C981&B981&"-"&E981 -> U149833ML574EVE-D | B981: ML574EVE | C981: U149833 | D981: Nashville (42) | E981: D | F981: United States | G981: NEW BALANCE ATHLETICS, INC. | H981: 552
A982: =+C982&B982&"-"&E982 -> U149815ML574EVN-D | B982: ML574EVN | C982: U149815 | D982: Lawrence, Massachusetts - USA (22) | E982: D | F982: United States | G982: NEW BALANCE ATHLETICS, INC. | H982: 270
A983: =+C983&B983&"-"&E983 -> U149816ML574EVN-D | B983: ML574EVN | C983: U149816 | D983: Salt Lake City (43) | E983: D | F983: United States | G983: NEW BALANCE ATHLETICS, INC. | H983: 258
A984: =+C984&B984&"-"&E984 -> U149883WL574EVN-B | B984: WL574EVN | C984: U149883 | D984: Salt Lake City (43) | E984: B | F984: United States | G984: NEW BALANCE ATHLETICS, INC. | H984: 162
A985: =+C985&B985&"-"&E985 -> U149819WL574EVG-B | B985: WL574EVG | C985: U149819 | D985: Salt Lake City (43) | E985: B | F985: United States | G985: NEW BALANCE ATHLETICS, INC. | H985: 216
... A1015: =+C1015&B1015&"-"&E1015 -> U153525ML574EVN-D | B1015: ML574EVN | C1015: U153525 | D1015: Nashville (42) | E1015: D | F1015: United States | G1015: NEW BALANCE ATHLETICS, INC. | H1015: 174
A1016: =+C1016&B1016&"-"&E1016 -> H176278U57432M-D | B1016: U57432M | C1016: H176278 | E1016: D | F1016: Switzerland | G1016: CHRIS SPORTS AG | H1016: 306
A1017: =+C1017&B1017&"-"&E1017 -> H176748U57432M-D | B1017: U57432M | C1017: H176748 | E1017: D | F1017: India | G1017: INDEV INFRA PRIVATE LIMITED | H1017: 480
A1018: =+C1018&B1018&"-"&E1018 -> U152845W5743HE-B | B1018: W5743HE | C1018: U152845 | D1018: Salt Lake City (43) | E1018: B | F1018: United States | G1018: NEW BALANCE ATHLETICS, INC. | H1018: 468
A1019: =+C1019&B1019&"-"&E1019 -> 7884410ML515BLK-D | B1019: ML515BLK | C1019: 7884410 | D1019: D S V Solutions (UF) | E1019: D | F1019: UNITED KINGDOM | G1019: DSV SOLUTIONS LTD | H1019: 240
A1020: =+C1020&B1020&"-"&E1020 -> 7884584ML515BLK-D | B1020: ML515BLK | C1020: 7884584 | D1020: DSV Solutions Nederland (VF) | E1020: D | F1020: NETHERLANDS | G1020: DSV VENLO | H1020: 522
A1021: =+C1021&B1021&"-"&E1021 -> 7884642ML515GRY-D | B1021: ML515GRY | C1021: 7884642 | D1021: DSV Solutions Nederland (VF) | E1021: D | F1021: NETHERLANDS | G1021: DSV VENLO | H1021: 522
A1022: =+C1022&B1022&"-"&E1022 -> H189807ML515GRY-D | B1022: ML515GRY | C1022: H189807 | D1022: DIRECT (1) | E1022: D | F1022: Paraguay | G1022: OPTIMA S.A. | H1022: 504
A1023: =+C1023&B1023&"-"&E1023 -> 7884552ML515NVY-D | B1023: ML515NVY | C1023: 7884552 | D1023: D S V Solutions (UF) | E1023: D | F1023: UNITED KINGDOM | G1023: DSV SOLUTIONS LTD | H1023: 396
A1024: =+C1024&B1024&"-"&E1024 -> 7884654ML515NVY-D | B1024: ML515NVY | C1024: 7884654 | D1024: DSV Solutions Nederland (VF) | E1024: D | F1024: NETHERLANDS | G1024: DSV VENLO | H1024: 594
A1025: =+C1025&B1025&"-"&E1025 -> H189806ML515NVY-D | B1025: ML515NVY | C1025: H189806 | D1025: DIRECT (1) | E1025: D | F1025: Paraguay | G1025: OPTIMA S.A. | H1025: 504
A1026: =+C1026&B1026&"-"&E1026 -> 7884648ML515WHT-D | B1026: ML515WHT | C1026: 7884648 | D1026: DSV Solutions Nederland (VF) | E1026: D | F1026: NETHERLANDS | G1026: DSV VENLO | H1026: 330
A1027: =+C1027&B1027&"-"&E1027 -> 7884558WL515SB3-B | B1027: WL515SB3 | C1027: 7884558 | D1027: D S V Solutions (UF) | E1027: B | F1027: UNITED KINGDOM | G1027: DSV SOLUTIONS LTD | H1027: 516
A1028: =+C1028&B1028&"-"&E1028 -> 7884714WL515SB3-B | B1028: WL515SB3 | C1028: 7884714 | D1028: DSV Solutions Nederland (VF) | E1028: B | F1028: NETHERLANDS | G1028: DSV VENLO | H1028: 594
A1029: =+C1029&B1029&"-"&E1029 -> U152820ML574EVW-2E | B1029: ML574EVW | C1029: U152820 | D1029: Nashville (42) | E1029: 2E | F1029: United States | G1029: NEW BALANCE ATHLETICS, INC. | H1029: 54
A1030: =+C1030&B1030&"-"&E1030 -> U152820ML574EVW-4E | B1030: ML574EVW | C1030: U152820 | D1030: Nashville (42) | E1030: 4E | F1030: United States | G1030: NEW BALANCE ATHLETICS, INC. | H1030: 18
A1031: =+C1031&B1031&"-"&E1031 -> U152820ML574EVW-D | B1031: ML574EVW | C1031: U152820 | D1031: Nashville (42) | E1031: D | F1031: United States | G1031: NEW BALANCE ATHLETICS, INC. | H1031: 186
A1032: =+C1032&B1032&"-"&E1032 -> 7880370W5744R4-B | B1032: W5744R4 | C1032: 7880370 | D1032: Direct Rotterdam (RTM) (DR) | E1032: B | F1032: ITALY | G1032: NEW BALANCE ITALY SRL | H1032: 312
A1033: =+C1033&B1033&"-"&E1033 -> 7881864M5742IX-2E | B1033: M5742IX | C1033: 7881864 | D1033: D S V Solutions Ltd (UW) | E1033: 2E | F1033: UNITED KINGDOM | G1033: DSV SOLUTIONS LTD | H1033: 84
A1034: =+C1034&B1034&"-"&E1034 -> 7881886M5742IX-2E | B1034: M5742IX | C1034: 7881886 | D1034: DSV Solutions Nederland (VW) | E1034: 2E | F1034: NETHERLANDS | G1034: DSV VENLO | H1034: 258
A1035: =+C1035&B1035&"-"&E1035 -> 7880368W5744TB-B | B1035: W5744TB | C1035: 7880368 | D1035: Direct Rotterdam (RTM) (DR) | E1035: B | F1035: ITALY | G1035: NEW BALANCE ITALY SRL | H1035: 264
A1036: =+C1036&B1036&"-"&E1036 -> H189917W5744TB-B | B1036: W5744TB | C1036: H189917 | D1036: DIRECT (1) | E1036: B | F1036: Ukraine | G1036: TITAN SPORT LLC | H1036: 504
A1037: =+C1037&B1037&"-"&E1037 -> H181922W5743HE-B | B1037: W5743HE | C1037: H181922 | D1037: DIRECT (1) | E1037: B | F1037: Ukraine | G1037: TITAN SPORT LLC | H1037: 504
A1038: =+C1038&B1038&"-"&E1038 -> H189099W5743HE-B | B1038: W5743HE | C1038: H189099 | D1038: DIRECT (1) | E1038: B | F1038: Peru | G1038: KS DEPOR S.A. | H1038: 504
... A1040: =+C1040&B1040&"-"&E1040 -> 7880369W5744CP-B | B1040: W5744CP | C1040: 7880369 | D1040: Direct Rotterdam (RTM) (DR) | E1040: B | F1040: ITALY | G1040: NEW BALANCE ITALY SRL | H1040: 324
A1041: =+C1041&B1041&"-"&E1041 -> H176738U5745CT-D | B1041: U5745CT | C1041: H176738 | E1041: D | F1041: India | G1041: INDEV INFRA PRIVATE LIMITED | H1041: 606
A1042: =+C1042&B1042&"-"&E1042 -> H176745U5745I2-D | B1042: U5745I2 | C1042: H176745 | E1042: D | F1042: India | G1042: INDEV INFRA PRIVATE LIMITED | H1042: 642
A1043: =+C1043&B1043&"-"&E1043 -> H176747W5744TB-B | B1043: W5744TB | C1043: H176747 | E1043: B | F1043: India | G1043: INDEV INFRA PRIVATE LIMITED | H1043: 726
...
